SegmentID,LongFrom,LatFrom,LongTo,LatTo,persons_injured,persons_killed,ped_injured,ped_killed,cyclists_injured,cyclists_killed,motorists_injured,motorists_killed,persons_KSI,ped_KSI,cyclist_KSI,motorist_KSI
81403,-73.87072006,40.89790839,-73.86732014,40.89827216,1,0,1,0,0,0,0,0,1,1,0,0
81288,-73.88516981,40.89459323,-73.88457012,40.89787699,0,0,0,0,0,0,0,0,0,0,0,0
69926,-73.92194972,40.8104056,-73.91843165,40.80892366,1,0,0,0,1,0,0,0,1,0,1,0
69926,-73.92194972,40.8104056,-73.91843165,40.80892366,1,0,0,0,1,0,0,0,1,0,1,0
69926,-73.92194972,40.8104056,-73.91843165,40.80892366,1,0,0,0,1,0,0,0,1,0,1,0
69926,-73.92194972,40.8104056,-73.91843165,40.80892366,1,0,0,0,1,0,0,0,1,0,1,0
99454,-73.79365523,40.80408776,-73.79362907,40.8003963,0,0,0,0,0,0,0,0,0,0,0,0
187666,-73.8800658,40.78584929,-73.88508605,40.78683549,0,0,0,0,0,0,0,0,0,0,0,0
81407,-73.87097655,40.89926435,-73.86757303,40.89963116,0,0,0,0,0,0,0,0,0,0,0,0
179712,-73.83329318,40.86859477,-73.83490444,40.87191198,0,0,0,0,0,0,0,0,0,0,0,0
121040,-73.90288034,40.80874479,-73.90222285,40.80494811,1,0,0,0,0,0,1,0,1,0,0,1
121040,-73.90288034,40.80874479,-73.90222285,40.80494811,1,0,0,0,0,0,1,0,1,0,0,1
87256,-73.83551326,40.82772637,-73.83169663,40.82653497,1,0,1,0,0,0,0,0,1,1,0,0
87256,-73.83551326,40.82772637,-73.83169663,40.82653497,1,0,1,0,0,0,0,0,1,1,0,0
121132,-73.87475674,40.87316338,-73.87194937,40.87702535,0,0,0,0,0,0,0,0,0,0,0,0
187389,-73.87197281,40.78707375,-73.8800658,40.78584929,0,0,0,0,0,0,0,0,0,0,0,0
99733,-73.79570631,40.8668814,-73.79928841,40.86801682,0,0,0,0,0,0,0,0,0,0,0,0
69924,-73.92239945,40.80978051,-73.91880433,40.80826172,0,0,0,0,0,0,0,0,0,0,0,0
119701,-73.80773221,40.86272771,-73.81325022,40.86443156,0,0,0,0,0,0,0,0,0,0,0,0
119701,-73.80773221,40.86272771,-73.81325022,40.86443156,0,0,0,0,0,0,0,0,0,0,0,0
175759,-73.88022082,40.80941565,-73.87499034,40.81018583,0,0,0,0,0,0,0,0,0,0,0,0
175759,-73.88022082,40.80941565,-73.87499034,40.81018583,0,0,0,0,0,0,0,0,0,0,0,0
175759,-73.88022082,40.80941565,-73.87499034,40.81018583,0,0,0,0,0,0,0,0,0,0,0,0
175759,-73.88022082,40.80941565,-73.87499034,40.81018583,0,0,0,0,0,0,0,0,0,0,0,0
175759,-73.88022082,40.80941565,-73.87499034,40.81018583,0,0,0,0,0,0,0,0,0,0,0,0
175759,-73.88022082,40.80941565,-73.87499034,40.81018583,0,0,0,0,0,0,0,0,0,0,0,0
175759,-73.88022082,40.80941565,-73.87499034,40.81018583,0,0,0,0,0,0,0,0,0,0,0,0
81410,-73.87109852,40.8999468,-73.86770113,40.90031162,0,0,0,0,0,0,0,0,0,0,0,0
95430,-73.81822433,40.87749692,-73.81629724,40.88309414,0,0,0,0,0,0,0,0,0,0,0,0
79950,-73.89732721,40.87144523,-73.89407273,40.87558775,1,0,1,0,0,0,0,0,1,1,0,0
79950,-73.89732721,40.87144523,-73.89407273,40.87558775,1,0,1,0,0,0,0,0,1,1,0,0
79950,-73.89732721,40.87144523,-73.89407273,40.87558775,1,0,1,0,0,0,0,0,1,1,0,0
79950,-73.89732721,40.87144523,-73.89407273,40.87558775,1,0,1,0,0,0,0,0,1,1,0,0
79950,-73.89732721,40.87144523,-73.89407273,40.87558775,1,0,1,0,0,0,0,0,1,1,0,0
79950,-73.89732721,40.87144523,-73.89407273,40.87558775,1,0,1,0,0,0,0,0,1,1,0,0
79950,-73.89732721,40.87144523,-73.89407273,40.87558775,1,0,1,0,0,0,0,0,1,1,0,0
79950,-73.89732721,40.87144523,-73.89407273,40.87558775,1,0,1,0,0,0,0,0,1,1,0,0
79950,-73.89732721,40.87144523,-73.89407273,40.87558775,1,0,1,0,0,0,0,0,1,1,0,0
79950,-73.89732721,40.87144523,-73.89407273,40.87558775,1,0,1,0,0,0,0,0,1,1,0,0
85725,-73.83667856,40.81758876,-73.83646794,40.82095697,0,0,0,0,0,0,0,0,0,0,0,0
107384,-73.86656053,40.8897532,-73.86368528,40.8943246,0,0,0,0,0,0,0,0,0,0,0,0
178410,-73.86786602,40.88417839,-73.86648542,40.8874822,0,0,0,0,0,0,0,0,0,0,0,0
194606,-73.84363793,40.85750163,-73.83768048,40.85664184,0,0,0,0,0,0,0,0,0,0,0,0
81405,-73.87084959,40.89858737,-73.86744772,40.89895275,0,0,0,0,0,0,0,0,0,0,0,0
87112,-73.84288473,40.84640563,-73.84147498,40.8499147,0,0,0,0,0,0,0,0,0,0,0,0
85696,-73.83565567,40.81120458,-73.83161574,40.80493826,0,0,0,0,0,0,0,0,0,0,0,0
99509,-73.78825417,40.84243493,-73.7849568,40.84313826,0,0,0,0,0,0,0,0,0,0,0,0
193982,-73.84379361,40.85713705,-73.83931363,40.85644437,1,0,0,0,0,0,1,0,1,0,0,1
193982,-73.84379361,40.85713705,-73.83931363,40.85644437,1,0,0,0,0,0,1,0,1,0,0,1
193982,-73.84379361,40.85713705,-73.83931363,40.85644437,1,0,0,0,0,0,1,0,1,0,0,1
193982,-73.84379361,40.85713705,-73.83931363,40.85644437,1,0,0,0,0,0,1,0,1,0,0,1
122605,-73.80139796,40.85310732,-73.80234207,40.85723755,1,0,1,0,0,0,0,0,1,1,0,0
122605,-73.80139796,40.85310732,-73.80234207,40.85723755,1,0,1,0,0,0,0,0,1,1,0,0
122605,-73.80139796,40.85310732,-73.80234207,40.85723755,1,0,1,0,0,0,0,0,1,1,0,0
139741,-73.87133927,40.8473868,-73.87136475,40.8508677,0,0,0,0,0,0,0,0,0,0,0,0
187503,-73.8820948,40.79492678,-73.87639577,40.79281355,0,0,0,0,0,0,0,0,0,0,0,0
178411,-73.86648542,40.8874822,-73.86491859,40.89097908,0,0,0,0,0,0,0,0,0,0,0,0
95615,-73.8331219,40.88930008,-73.83267809,40.89260183,0,0,0,0,0,0,0,0,0,0,0,0
95615,-73.8331219,40.88930008,-73.83267809,40.89260183,0,0,0,0,0,0,0,0,0,0,0,0
94162,-73.83169663,40.82653497,-73.82770423,40.82531022,0,0,0,0,0,0,0,0,0,0,0,0
94162,-73.83169663,40.82653497,-73.82770423,40.82531022,0,0,0,0,0,0,0,0,0,0,0,0
88440,-73.84394384,40.85615502,-73.84045916,40.85563493,0,0,0,0,0,0,0,0,0,0,0,0
88440,-73.84394384,40.85615502,-73.84045916,40.85563493,0,0,0,0,0,0,0,0,0,0,0,0
69928,-73.92148593,40.81103424,-73.918049,40.80957478,1,0,0,0,0,0,1,0,1,0,0,1
69928,-73.92148593,40.81103424,-73.918049,40.80957478,1,0,0,0,0,0,1,0,1,0,0,1
116457,-73.87203242,40.87150814,-73.87102781,40.87538788,1,0,1,0,0,0,0,0,1,1,0,0
187390,-73.87668369,40.78971238,-73.87997685,40.78625202,0,0,0,0,0,0,0,0,0,0,0,0
192065,-73.80939519,40.86824602,-73.8058451,40.86600677,1,0,0,0,0,0,1,0,1,0,0,1
95545,-73.79972459,40.86725818,-73.79604109,40.86633071,0,0,0,0,0,0,0,0,0,0,0,0
88855,-73.8705938,40.89722809,-73.86719413,40.89759253,0,0,0,0,0,0,0,0,0,0,0,0
86115,-73.86057013,40.83064572,-73.85715676,40.83110227,0,0,0,0,0,0,0,0,0,0,0,0
86132,-73.86088515,40.83134428,-73.85732321,40.83182148,0,0,0,0,0,0,0,0,0,0,0,0
122624,-73.9108139,40.86459016,-73.90872661,40.86916734,0,0,0,0,0,0,0,0,0,0,0,0
122624,-73.9108139,40.86459016,-73.90872661,40.86916734,0,0,0,0,0,0,0,0,0,0,0,0
194610,-73.85601959,40.85731016,-73.849351,40.85786339,1,0,0,0,0,0,1,0,1,0,0,1
122619,-73.88652832,40.8642962,-73.88983505,40.86201066,0,0,0,0,0,0,0,0,0,0,0,0
231231,-73.8794571,40.89766308,-73.87836801,40.90277441,0,0,0,0,0,0,0,0,0,0,0,0
231489,-73.87272652,40.79114502,-73.87197281,40.78707375,0,0,0,0,0,0,0,0,0,0,0,0
231752,-73.83578437,40.86501601,-73.8315962,40.8626447,0,0,0,0,0,0,0,0,0,0,0,0
237320,-73.80620825,40.87382803,-73.80237499,40.87554722,0,0,0,0,0,0,0,0,0,0,0,0
237321,-73.80237499,40.87554722,-73.79767982,40.87700988,0,0,0,0,0,0,0,0,0,0,0,0
237321,-73.80237499,40.87554722,-73.79767982,40.87700988,0,0,0,0,0,0,0,0,0,0,0,0
237321,-73.80237499,40.87554722,-73.79767982,40.87700988,0,0,0,0,0,0,0,0,0,0,0,0
316824,-73.79475844,40.85673561,-73.80090032,40.85954802,0,0,0,0,0,0,0,0,0,0,0,0
29793,-73.95015504,40.68326897,-73.9468728,40.68364622,1,0,0,0,0,0,1,0,1,0,0,1
29593,-73.95482853,40.68797695,-73.95117458,40.6883992,0,0,0,0,0,0,0,0,0,0,0,0
29597,-73.95453799,40.68651117,-73.95088315,40.68693252,0,0,0,0,0,0,0,0,0,0,0,0
28495,-73.95630035,40.65504828,-73.9529592,40.6552493,0,0,0,0,0,0,0,0,0,0,0,0
28371,-73.95969666,40.65483921,-73.95630035,40.65504828,0,0,0,0,0,0,0,0,0,0,0,0
35029,-73.9581759,40.73342568,-73.95484267,40.73374026,0,0,0,0,0,0,0,0,0,0,0,0
35013,-73.95782734,40.73129875,-73.95449445,40.73161371,0,0,0,0,0,0,0,0,0,0,0,0
28511,-73.95687581,40.6604417,-73.95353962,40.66064831,1,0,1,0,0,0,0,0,1,1,0,0
28391,-73.96042584,40.65807224,-73.95664922,40.65830579,0,0,0,0,0,0,0,0,0,0,0,0
28509,-73.95680049,40.65972923,-73.95346176,40.65993696,0,0,0,0,0,0,0,0,0,0,0,0
66229,-73.93160506,40.71801033,-73.92467622,40.7198857,4,0,0,0,0,0,4,0,4,0,0,4
29386,-73.9607697,40.661734,-73.95704344,40.66196515,2,0,0,0,0,0,2,0,2,0,0,2
29384,-73.96068017,40.66095386,-73.9569576,40.66117957,1,0,0,0,0,0,1,0,1,0,0,1
29581,-73.95410043,40.68431311,-73.9504458,40.68473476,0,0,0,0,0,0,0,0,0,0,0,0
35038,-73.95840812,40.73484415,-73.95507401,40.73515974,1,0,0,0,0,0,1,0,1,0,0,1
28497,-73.9561641,40.65377652,-73.95282721,40.65397704,0,0,0,0,0,0,0,0,0,0,0,0
35027,-73.9580594,40.73271597,-73.95472721,40.73303093,0,0,0,0,0,0,0,0,0,0,0,0
29491,-73.95704344,40.66196515,-73.95369969,40.66217392,1,0,0,0,0,0,1,0,1,0,0,1
29489,-73.9569576,40.66117957,-73.95361543,40.6613878,0,0,0,0,0,0,0,0,0,0,0,0
28505,-73.95664922,40.65830579,-73.95330908,40.65851398,0,0,0,0,0,0,0,0,0,0,0,0
28379,-73.96024296,40.6572319,-73.95655769,40.65745362,0,0,0,0,0,0,0,0,0,0,0,0
28503,-73.95655769,40.65745362,-73.95321867,40.65766092,0,0,0,0,0,0,0,0,0,0,0,0
29678,-73.95320639,40.6798324,-73.94958434,40.67963646,0,0,0,0,0,0,0,0,0,0,0,0
30822,-73.95512181,40.68944372,-73.95146466,40.68986334,0,0,0,0,0,0,0,0,0,0,0,0
29697,-73.95380894,40.68284801,-73.95015504,40.68326897,1,0,0,0,0,0,1,0,1,0,0,1
35011,-73.95771091,40.73058907,-73.95437859,40.73090673,0,0,0,0,0,0,0,0,0,0,0,0
28501,-73.95647813,40.65671078,-73.95313899,40.65691463,0,0,0,0,0,0,0,0,0,0,0,0
28501,-73.95647813,40.65671078,-73.95313899,40.65691463,0,0,0,0,0,0,0,0,0,0,0,0
167784,-73.89758655,40.58717565,-73.89371194,40.58372746,1,0,0,0,0,0,1,0,1,0,0,1
167784,-73.89758655,40.58717565,-73.89371194,40.58372746,1,0,0,0,0,0,1,0,1,0,0,1
29380,-73.9608658,40.66250593,-73.95712114,40.66273747,3,0,0,0,0,0,3,0,3,0,0,3
28386,-73.96055809,40.65949607,-73.95680049,40.65972923,1,0,0,0,0,0,1,0,1,0,0,1
29795,-73.95029938,40.68400141,-73.94701721,40.68437948,0,0,0,0,0,0,0,0,0,0,0,0
29595,-73.95439297,40.68577972,-73.9507358,40.68620367,0,0,0,0,0,0,0,0,0,0,0,0
29583,-73.95424648,40.68504625,-73.95059027,40.68546663,0,0,0,0,0,0,0,0,0,0,0,0
44326,-73.93903735,40.70626559,-73.93566928,40.70658504,0,0,0,0,0,0,0,0,0,0,0,0
29493,-73.95712114,40.66273747,-73.95378529,40.66294678,0,0,0,0,0,0,0,0,0,0,0,0
45887,-73.88365832,40.58880584,-73.88544007,40.59435649,0,0,0,0,0,0,0,0,0,0,0,0
45887,-73.88365832,40.58880584,-73.88544007,40.59435649,0,0,0,0,0,0,0,0,0,0,0,0
188073,-73.89404027,40.58871971,-73.89060824,40.58575533,0,0,0,0,0,0,0,0,0,0,0,0
42271,-73.92316742,40.63883757,-73.91955577,40.64118496,0,0,0,0,0,0,0,0,0,0,0,0
9009313,-73.96245537,40.65828698,-73.96188086,40.65488119,0,0,0,0,0,0,0,0,0,0,0,0
9009313,-73.96245537,40.65828698,-73.96188086,40.65488119,0,0,0,0,0,0,0,0,0,0,0,0
29703,-73.95088315,40.68693252,-73.94760207,40.6873104,0,0,0,0,0,0,0,0,0,0,0,0
29223,-73.96661255,40.67530181,-73.96313778,40.6745725,0,0,0,0,0,0,0,0,0,0,0,0
28381,-73.95986103,40.65563479,-73.95638852,40.65587457,0,0,0,0,0,0,0,0,0,0,0,0
28488,-73.95601056,40.65231427,-73.95266314,40.65248936,0,0,0,0,0,0,0,0,0,0,0,0
28395,-73.9605197,40.65877948,-73.95672522,40.65901757,0,0,0,0,0,0,0,0,0,0,0,0
35151,-73.95759423,40.72987874,-73.9542452,40.73019746,0,0,0,0,0,0,0,0,0,0,0,0
28507,-73.95672522,40.65901757,-73.95338453,40.65922655,0,0,0,0,0,0,0,0,0,0,0,0
45879,-73.88440426,40.59511998,-73.88657791,40.60282835,0,0,0,0,0,0,0,0,0,0,0,0
40517,-73.91138474,40.58652822,-73.90806552,40.59125039,0,0,0,0,0,0,0,0,0,0,0,0
28389,-73.9606221,40.66020528,-73.95687581,40.6604417,0,0,0,0,0,0,0,0,0,0,0,0
28086,-73.96594066,40.64420087,-73.96530077,40.64082346,0,0,0,0,0,0,0,0,0,0,0,0
28086,-73.96594066,40.64420087,-73.96530077,40.64082346,0,0,0,0,0,0,0,0,0,0,0,0
163535,-73.94570961,40.61521983,-73.94507567,40.61188734,0,0,0,0,0,0,0,0,0,0,0,0
29701,-73.9504458,40.68473476,-73.94716451,40.68511239,0,0,0,0,0,0,0,0,0,0,0,0
29786,-73.95000846,40.68253676,-73.94672677,40.68291393,0,0,0,0,0,0,0,0,0,0,0,0
29689,-73.95366256,40.6821149,-73.95000846,40.68253676,0,0,0,0,0,0,0,0,0,0,0,0
44347,-73.93798051,40.71181498,-73.93453329,40.7127533,1,0,0,0,0,0,1,0,1,0,0,1
188023,-73.96898048,40.67239044,-73.96286581,40.6638121,0,0,0,0,0,0,0,0,0,0,0,0
188023,-73.96898048,40.67239044,-73.96286581,40.6638121,0,0,0,0,0,0,0,0,0,0,0,0
188023,-73.96898048,40.67239044,-73.96286581,40.6638121,0,0,0,0,0,0,0,0,0,0,0,0
188023,-73.96898048,40.67239044,-73.96286581,40.6638121,0,0,0,0,0,0,0,0,0,0,0,0
29220,-73.96693585,40.67443341,-73.96295345,40.67358913,0,0,0,0,0,0,0,0,0,0,0,0
35015,-73.95794307,40.73200916,-73.95460913,40.73232426,1,0,0,0,1,0,0,0,1,0,1,0
28375,-73.95945184,40.65357539,-73.9561641,40.65377652,0,0,0,0,0,0,0,0,0,0,0,0
35040,-73.95852419,40.73555242,-73.95519059,40.73586772,0,0,0,0,0,0,0,0,0,0,0,0
167107,-73.91827523,40.60585395,-73.91105107,40.5993735,1,0,0,0,0,0,1,0,1,0,0,1
167107,-73.91827523,40.60585395,-73.91105107,40.5993735,1,0,0,0,0,0,1,0,1,0,0,1
167107,-73.91827523,40.60585395,-73.91105107,40.5993735,1,0,0,0,0,0,1,0,1,0,0,1
167107,-73.91827523,40.60585395,-73.91105107,40.5993735,1,0,0,0,0,0,1,0,1,0,0,1
45878,-73.88657791,40.60282835,-73.90011679,40.59400635,0,0,0,0,0,0,0,0,0,0,0,0
43440,-73.9262403,40.68377161,-73.92295908,40.68414766,0,0,0,0,0,0,0,0,0,0,0,0
28486,-73.95590671,40.65136883,-73.95256272,40.651546,1,0,1,0,0,0,0,0,1,1,0,0
28486,-73.95590671,40.65136883,-73.95256272,40.651546,1,0,1,0,0,0,0,0,1,1,0,0
20991,-74.00216556,40.65294931,-73.99779466,40.65028889,2,0,0,0,0,0,2,0,2,0,0,2
163652,-73.9714562,40.65114031,-73.96621322,40.6531894,0,0,0,0,0,0,0,0,0,0,0,0
163652,-73.9714562,40.65114031,-73.96621322,40.6531894,0,0,0,0,0,0,0,0,0,0,0,0
163652,-73.9714562,40.65114031,-73.96621322,40.6531894,0,0,0,0,0,0,0,0,0,0,0,0
163652,-73.9714562,40.65114031,-73.96621322,40.6531894,0,0,0,0,0,0,0,0,0,0,0,0
163652,-73.9714562,40.65114031,-73.96621322,40.6531894,0,0,0,0,0,0,0,0,0,0,0,0
28499,-73.95638852,40.65587457,-73.95305317,40.65608052,0,0,0,0,0,0,0,0,0,0,0,0
44809,-73.92692556,40.71540072,-73.9230758,40.71638923,0,0,0,0,0,0,0,0,0,0,0,0
45884,-73.88769396,40.57806324,-73.8850829,40.57374368,0,0,0,0,0,0,0,0,0,0,0,0
43438,-73.92609462,40.68303871,-73.92281374,40.68341443,0,0,0,0,0,0,0,0,0,0,0,0
43438,-73.92609462,40.68303871,-73.92281374,40.68341443,0,0,0,0,0,0,0,0,0,0,0,0
31011,-73.95205078,40.69279366,-73.94876762,40.69317121,0,0,0,0,0,0,0,0,0,0,0,0
29699,-73.95395453,40.68358078,-73.95029938,40.68400141,0,0,0,0,0,0,0,0,0,0,0,0
44316,-73.93848804,40.70395457,-73.93502174,40.70462617,0,0,0,0,0,0,0,0,0,0,0,0
35031,-73.95829231,40.73413497,-73.95495878,40.73444922,0,0,0,0,0,0,0,0,0,0,0,0
29497,-73.95720935,40.6635174,-73.95384851,40.66372781,0,0,0,0,0,0,0,0,0,0,0,0
35136,-73.95747834,40.72916951,-73.95395676,40.72950278,0,0,0,0,0,0,0,0,0,0,0,0
217068,-73.95480637,40.68873069,-73.95131895,40.68913185,0,0,0,0,0,0,0,0,0,0,0,0
232452,-73.90452182,40.59347711,-73.90090076,40.59014959,0,0,0,0,0,0,0,0,0,0,0,0
232627,-73.88780499,40.57805928,-73.88519092,40.57371995,0,0,0,0,0,0,0,0,0,0,0,0
232627,-73.88780499,40.57805928,-73.88519092,40.57371995,0,0,0,0,0,0,0,0,0,0,0,0
285061,-74.02435686,40.65085161,-74.02087102,40.64874849,0,0,0,0,0,0,0,0,0,0,0,0
285061,-74.02435686,40.65085161,-74.02087102,40.64874849,0,0,0,0,0,0,0,0,0,0,0,0
285061,-74.02435686,40.65085161,-74.02087102,40.64874849,0,0,0,0,0,0,0,0,0,0,0,0
285061,-74.02435686,40.65085161,-74.02087102,40.64874849,0,0,0,0,0,0,0,0,0,0,0,0
285061,-74.02435686,40.65085161,-74.02087102,40.64874849,0,0,0,0,0,0,0,0,0,0,0,0
286286,-73.90011679,40.59400635,-73.89683199,40.59114869,0,0,0,0,0,0,0,0,0,0,0,0
301682,-74.01161091,40.66515812,-74.01009607,40.66843998,0,0,0,0,0,0,0,0,0,0,0,0
306378,-74.03608058,40.60934689,-74.04060405,40.60789023,0,0,0,0,0,0,0,0,0,0,0,0
72549,-73.93091942,40.868571,-73.92750659,40.87383614,,,,,,,,,,,,
72549,-73.93091942,40.868571,-73.92750659,40.87383614,,,,,,,,,,,,
173747,-73.94072146,40.8545911,-73.93698486,40.85961395,0,0,0,0,0,0,0,0,0,0,0,0
9014075,-73.94795208,40.85073345,-73.95298941,40.85172498,0,0,0,0,0,0,0,0,0,0,0,0
164112,-74.01175748,40.7261899,-74.01517084,40.72657939,0,0,0,0,0,0,0,0,0,0,0,0
174129,-73.92610964,40.85097701,-73.92364969,40.85447561,0,0,0,0,0,0,0,0,0,0,0,0
242161,-73.94800455,40.85059397,-73.95303785,40.85157976,0,0,0,0,0,0,0,0,0,0,0,0
242166,-73.95294636,40.85186523,-73.94792348,40.85087132,0,0,0,0,0,0,0,0,0,0,0,0
242166,-73.95294636,40.85186523,-73.94792348,40.85087132,0,0,0,0,0,0,0,0,0,0,0,0
315156,-73.9727111,40.76955781,-73.97117152,40.77341457,0,0,0,0,0,0,0,0,0,0,0,0
315156,-73.9727111,40.76955781,-73.97117152,40.77341457,0,0,0,0,0,0,0,0,0,0,0,0
315156,-73.9727111,40.76955781,-73.97117152,40.77341457,0,0,0,0,0,0,0,0,0,0,0,0
66789,-73.91687214,40.73554136,-73.90921642,40.73649628,0,0,0,0,0,0,0,0,0,0,0,0
121481,-73.8272168,40.66451402,-73.82296101,40.66386014,0,0,0,0,0,0,0,0,0,0,0,0
178812,-73.82481726,40.7395736,-73.82524618,40.73510869,0,0,0,0,0,0,0,0,0,0,0,0
58371,-73.79644706,40.65198221,-73.79189377,40.65324905,0,1,0,0,0,0,0,1,1,0,0,1
170142,-73.80000839,40.66626336,-73.79494771,40.66616228,1,0,0,0,0,0,1,0,1,0,0,1
102235,-73.74954511,40.77732039,-73.7462324,40.77786307,0,0,0,0,0,0,0,0,0,0,0,0
102235,-73.74954511,40.77732039,-73.7462324,40.77786307,0,0,0,0,0,0,0,0,0,0,0,0
102235,-73.74954511,40.77732039,-73.7462324,40.77786307,0,0,0,0,0,0,0,0,0,0,0,0
102235,-73.74954511,40.77732039,-73.7462324,40.77786307,0,0,0,0,0,0,0,0,0,0,0,0
91042,-73.83367811,40.75632057,-73.8294693,40.75819354,0,0,0,0,0,0,0,0,0,0,0,0
107754,-73.83566357,40.64405765,-73.83289974,40.63886268,1,0,0,0,0,0,1,0,1,0,0,1
54380,-73.83110356,40.65225669,-73.82772384,40.65276124,0,0,0,0,0,0,0,0,0,0,0,0
54380,-73.83110356,40.65225669,-73.82772384,40.65276124,0,0,0,0,0,0,0,0,0,0,0,0
100442,-73.74500808,40.73290956,-73.74172026,40.73539956,0,0,0,0,0,0,0,0,0,0,0,0
172507,-73.90838277,40.72176974,-73.90477829,40.72190769,0,0,0,0,0,0,0,0,0,0,0,0
99932,-73.76252949,40.72562145,-73.75833658,40.7250729,0,0,0,0,0,0,0,0,0,0,0,0
54536,-73.80478278,40.64962945,-73.80106576,40.64588983,0,0,0,0,0,0,0,0,0,0,0,0
54536,-73.80478278,40.64962945,-73.80106576,40.64588983,0,0,0,0,0,0,0,0,0,0,0,0
54536,-73.80478278,40.64962945,-73.80106576,40.64588983,0,0,0,0,0,0,0,0,0,0,0,0
54536,-73.80478278,40.64962945,-73.80106576,40.64588983,0,0,0,0,0,0,0,0,0,0,0,0
54536,-73.80478278,40.64962945,-73.80106576,40.64588983,0,0,0,0,0,0,0,0,0,0,0,0
54536,-73.80478278,40.64962945,-73.80106576,40.64588983,0,0,0,0,0,0,0,0,0,0,0,0
66897,-73.91068876,40.73347108,-73.91173062,40.72996412,0,0,0,0,0,0,0,0,0,0,0,0
68799,-73.92078589,40.78164185,-73.92479654,40.77852148,2,0,0,0,0,0,2,0,2,0,0,2
77104,-73.88522187,40.78663049,-73.88934352,40.78047215,0,0,0,0,0,0,0,0,0,0,0,0
77104,-73.88522187,40.78663049,-73.88934352,40.78047215,0,0,0,0,0,0,0,0,0,0,0,0
49189,-73.8889523,40.69095483,-73.88530375,40.6917014,0,0,0,0,0,0,0,0,0,0,0,0
111967,-73.85525088,40.67045734,-73.85112423,40.67107892,0,0,0,0,0,0,0,0,0,0,0,0
122393,-73.83669386,40.78164957,-73.83218249,40.78165887,0,0,0,0,0,0,0,0,0,0,0,0
194278,-73.8616573,40.69004699,-73.85835009,40.6905444,2,0,0,0,0,0,2,0,2,0,0,2
91422,-73.82116405,40.75968608,-73.81768171,40.76062665,0,0,0,0,0,0,0,0,0,0,0,0
102039,-73.72775177,40.75738824,-73.72413882,40.75816636,0,0,0,0,0,0,0,0,0,0,0,0
74548,-73.88569996,40.72872697,-73.88237335,40.7289815,0,0,0,0,0,0,0,0,0,0,0,0
74548,-73.88569996,40.72872697,-73.88237335,40.7289815,0,0,0,0,0,0,0,0,0,0,0,0
51300,-73.85648739,40.67337677,-73.85283804,40.67227919,1,0,0,0,0,0,1,0,1,0,0,1
54602,-73.83225431,40.665301,-73.8272168,40.66451402,0,0,0,0,0,0,0,0,0,0,0,0
54378,-73.83099442,40.65176986,-73.82759369,40.65227468,0,0,0,0,0,0,0,0,0,0,0,0
180579,-73.77278317,40.73629538,-73.76896644,40.73749809,0,0,0,0,0,0,0,0,0,0,0,0
184197,-73.89554063,40.5640207,-73.90223686,40.56214715,0,0,0,0,0,0,0,0,0,0,0,0
116519,-73.83588777,40.77757706,-73.83395608,40.77270152,0,0,0,0,0,0,0,0,0,0,0,0
63520,-73.74443843,40.66586524,-73.74902967,40.66638682,0,0,0,0,0,0,0,0,0,0,0,0
167761,-73.8761629,40.56912614,-73.8801178,40.56826662,1,0,0,0,0,0,1,0,1,0,0,1
169839,-73.82866385,40.63121244,-73.82580324,40.62117262,1,0,0,0,0,0,1,0,1,0,0,1
170722,-73.78940832,40.6591359,-73.77924279,40.65454084,0,0,0,0,0,0,0,0,0,0,0,0
191656,-73.78290398,40.66238536,-73.77936948,40.66081184,0,0,0,0,0,0,0,0,0,0,0,0
191656,-73.78290398,40.66238536,-73.77936948,40.66081184,0,0,0,0,0,0,0,0,0,0,0,0
91412,-73.82063593,40.75887227,-73.81728821,40.75977555,0,0,0,0,0,0,0,0,0,0,0,0
58308,-73.79535108,40.65773754,-73.79542441,40.65390583,0,1,0,0,0,0,0,1,1,0,0,1
58308,-73.79535108,40.65773754,-73.79542441,40.65390583,0,1,0,0,0,0,0,1,1,0,0,1
58308,-73.79535108,40.65773754,-73.79542441,40.65390583,0,1,0,0,0,0,0,1,1,0,0,1
107814,-73.92315864,40.72015329,-73.92153811,40.71679516,1,0,1,0,0,0,0,0,1,1,0,0
107814,-73.92315864,40.72015329,-73.92153811,40.71679516,1,0,1,0,0,0,0,0,1,1,0,0
66952,-73.90842204,40.72244676,-73.90456292,40.72259959,1,0,1,0,0,0,0,0,1,1,0,0
84769,-73.84460224,40.77305659,-73.84099348,40.77290048,0,0,0,0,0,0,0,0,0,0,0,0
60384,-73.78833574,40.70425321,-73.7845948,40.70518387,0,0,0,0,0,0,0,0,0,0,0,0
90995,-73.83354613,40.74464026,-73.82953367,40.74424412,0,0,0,0,0,0,0,0,0,0,0,0
58851,-73.79228665,40.68114598,-73.78885397,40.68258432,0,0,0,0,0,0,0,0,0,0,0,0
92577,-73.82145435,40.79355575,-73.8181502,40.79431602,1,0,0,0,1,0,0,0,1,0,1,0
169056,-73.84633066,40.66955446,-73.84237472,40.66862495,0,0,0,0,0,0,0,0,0,0,0,0
194114,-73.82606141,40.7809836,-73.82914858,40.77560112,0,0,0,0,0,0,0,0,0,0,0,0
194114,-73.82606141,40.7809836,-73.82914858,40.77560112,0,0,0,0,0,0,0,0,0,0,0,0
194114,-73.82606141,40.7809836,-73.82914858,40.77560112,0,0,0,0,0,0,0,0,0,0,0,0
77140,-73.87517573,40.77167671,-73.87143357,40.77157647,1,0,0,0,0,0,1,0,1,0,0,1
180980,-73.77419198,40.73991809,-73.77285961,40.73627042,0,0,0,0,0,0,0,0,0,0,0,0
184115,-73.85879883,40.65585413,-73.85488815,40.65879963,0,0,0,0,0,0,0,0,0,0,0,0
169730,-73.82044783,40.60095204,-73.8238815,40.60124922,0,0,0,0,0,0,0,0,0,0,0,0
169730,-73.82044783,40.60095204,-73.8238815,40.60124922,0,0,0,0,0,0,0,0,0,0,0,0
186813,-73.75157384,40.6472593,-73.74711666,40.64437185,0,0,0,0,0,0,0,0,0,0,0,0
54487,-73.81357634,40.65674302,-73.81791679,40.65868393,0,0,0,0,0,0,0,0,0,0,0,0
54487,-73.81357634,40.65674302,-73.81791679,40.65868393,0,0,0,0,0,0,0,0,0,0,0,0
54487,-73.81357634,40.65674302,-73.81791679,40.65868393,0,0,0,0,0,0,0,0,0,0,0,0
54487,-73.81357634,40.65674302,-73.81791679,40.65868393,0,0,0,0,0,0,0,0,0,0,0,0
54487,-73.81357634,40.65674302,-73.81791679,40.65868393,0,0,0,0,0,0,0,0,0,0,0,0
54487,-73.81357634,40.65674302,-73.81791679,40.65868393,0,0,0,0,0,0,0,0,0,0,0,0
54487,-73.81357634,40.65674302,-73.81791679,40.65868393,0,0,0,0,0,0,0,0,0,0,0,0
54487,-73.81357634,40.65674302,-73.81791679,40.65868393,0,0,0,0,0,0,0,0,0,0,0,0
54487,-73.81357634,40.65674302,-73.81791679,40.65868393,0,0,0,0,0,0,0,0,0,0,0,0
54487,-73.81357634,40.65674302,-73.81791679,40.65868393,0,0,0,0,0,0,0,0,0,0,0,0
54487,-73.81357634,40.65674302,-73.81791679,40.65868393,0,0,0,0,0,0,0,0,0,0,0,0
58574,-73.7640629,40.65435627,-73.75793937,40.6508533,3,0,0,0,0,0,3,0,3,0,0,3
170884,-73.77934732,40.6607397,-73.78254021,40.65675212,0,0,0,0,0,0,0,0,0,0,0,0
170884,-73.77934732,40.6607397,-73.78254021,40.65675212,0,0,0,0,0,0,0,0,0,0,0,0
170884,-73.77934732,40.6607397,-73.78254021,40.65675212,0,0,0,0,0,0,0,0,0,0,0,0
170884,-73.77934732,40.6607397,-73.78254021,40.65675212,0,0,0,0,0,0,0,0,0,0,0,0
170884,-73.77934732,40.6607397,-73.78254021,40.65675212,0,0,0,0,0,0,0,0,0,0,0,0
170884,-73.77934732,40.6607397,-73.78254021,40.65675212,0,0,0,0,0,0,0,0,0,0,0,0
170884,-73.77934732,40.6607397,-73.78254021,40.65675212,0,0,0,0,0,0,0,0,0,0,0,0
170884,-73.77934732,40.6607397,-73.78254021,40.65675212,0,0,0,0,0,0,0,0,0,0,0,0
170884,-73.77934732,40.6607397,-73.78254021,40.65675212,0,0,0,0,0,0,0,0,0,0,0,0
170884,-73.77934732,40.6607397,-73.78254021,40.65675212,0,0,0,0,0,0,0,0,0,0,0,0
170884,-73.77934732,40.6607397,-73.78254021,40.65675212,0,0,0,0,0,0,0,0,0,0,0,0
170884,-73.77934732,40.6607397,-73.78254021,40.65675212,0,0,0,0,0,0,0,0,0,0,0,0
170884,-73.77934732,40.6607397,-73.78254021,40.65675212,0,0,0,0,0,0,0,0,0,0,0,0
170884,-73.77934732,40.6607397,-73.78254021,40.65675212,0,0,0,0,0,0,0,0,0,0,0,0
170884,-73.77934732,40.6607397,-73.78254021,40.65675212,0,0,0,0,0,0,0,0,0,0,0,0
170723,-73.77924279,40.65454084,-73.76880304,40.64982023,1,0,0,0,0,0,1,0,1,0,0,1
67853,-73.92012731,40.7502439,-73.91519556,40.75117064,0,0,0,0,0,0,0,0,0,0,0,0
100338,-73.74996804,40.73974575,-73.74657796,40.74034659,0,0,0,0,0,0,0,0,0,0,0,0
90993,-73.83365848,40.7439575,-73.82965054,40.7435657,0,0,0,0,0,0,0,0,0,0,0,0
91185,-73.82963621,40.75854978,-73.82596774,40.75932944,0,0,0,0,0,0,0,0,0,0,0,0
58855,-73.79209253,40.68047629,-73.78840834,40.68199242,1,0,0,0,0,0,1,0,1,0,0,1
84338,-73.83559154,40.75137713,-73.83229536,40.75194179,0,0,0,0,0,0,0,0,0,0,0,0
84338,-73.83559154,40.75137713,-73.83229536,40.75194179,0,0,0,0,0,0,0,0,0,0,0,0
91418,-73.8215581,40.76053432,-73.81807772,40.76147327,0,0,0,0,0,0,0,0,0,0,0,0
185142,-73.82517571,40.73510594,-73.82185953,40.73548634,0,0,0,0,0,0,0,0,0,0,0,0
182726,-73.90333023,40.56184662,-73.90669292,40.56107176,1,0,0,0,0,0,1,0,1,0,0,1
118099,-73.8187604,40.66228363,-73.81334504,40.66130337,0,0,0,0,0,0,0,0,0,0,0,0
118099,-73.8187604,40.66228363,-73.81334504,40.66130337,0,0,0,0,0,0,0,0,0,0,0,0
135388,-73.79878634,40.64338309,-73.8100235,40.64852287,0,0,0,0,0,0,0,0,0,0,0,0
135388,-73.79878634,40.64338309,-73.8100235,40.64852287,0,0,0,0,0,0,0,0,0,0,0,0
135387,-73.8100235,40.64852287,-73.80603624,40.65130103,0,0,0,0,0,0,0,0,0,0,0,0
135387,-73.8100235,40.64852287,-73.80603624,40.65130103,0,0,0,0,0,0,0,0,0,0,0,0
194113,-73.82341489,40.78678897,-73.82430469,40.78293287,0,0,0,0,0,0,0,0,0,0,0,0
132858,-73.7986023,40.64792992,-73.80248394,40.65834944,0,0,0,0,0,0,0,0,0,0,0,0
194150,-73.72768033,40.74963924,-73.72428101,40.7526447,0,0,0,0,0,0,0,0,0,0,0,0
137070,-73.78061699,40.65069697,-73.77369504,40.64755699,0,0,0,0,0,0,0,0,0,0,0,0
116850,-73.82289856,40.7636373,-73.81930135,40.76460466,0,0,0,0,0,0,0,0,0,0,0,0
106703,-73.77978968,40.7054563,-73.77582076,40.70537391,1,0,0,0,0,0,1,0,1,0,0,1
45534,-73.89877801,40.56115959,-73.89509989,40.56254265,0,0,0,0,0,0,0,0,0,0,0,0
114199,-73.89509989,40.56254265,-73.89027588,40.5643986,0,0,0,0,0,0,0,0,0,0,0,0
55373,-73.80943931,40.66704843,-73.80611012,40.66692109,1,0,0,0,0,0,1,0,1,0,0,1
59709,-73.76987328,40.66891066,-73.76624894,40.66851037,1,0,1,0,0,0,0,0,1,1,0,0
66284,-73.93161403,40.7368252,-73.92672345,40.73590641,1,0,0,0,0,0,1,0,1,0,0,1
76428,-73.8837812,40.7676754,-73.88028984,40.76941938,0,0,0,0,0,0,0,0,0,0,0,0
181415,-73.79360571,40.79675856,-73.79339841,40.79241062,0,0,0,0,0,0,0,0,0,0,0,0
184368,-73.82994496,40.63469845,-73.82866385,40.63121244,1,0,0,0,0,0,1,0,1,0,0,1
54686,-73.82951287,40.66533228,-73.82587382,40.66508392,1,0,0,0,0,0,1,0,1,0,0,1
194112,-73.82445121,40.78673001,-73.82530619,40.78306533,0,0,0,0,0,0,0,0,0,0,0,0
194369,-73.83008156,40.77429684,-73.83350676,40.77161912,0,0,0,0,0,0,0,0,0,0,0,0
9009717,-73.75081067,40.72899504,-73.74749693,40.73179105,0,0,0,0,0,0,0,0,0,0,0,0
194134,-73.8018379,40.71626222,-73.79796193,40.71716167,0,0,0,0,0,0,0,0,0,0,0,0
135449,-73.7913746,40.65614269,-73.79131571,40.65961022,0,1,0,0,0,0,0,1,1,0,0,1
54833,-73.82296101,40.66386014,-73.81836976,40.66327622,0,0,0,0,0,0,0,0,0,0,0,0
91333,-73.8275367,40.76646354,-73.82395033,40.7668872,0,0,0,0,0,0,0,0,0,0,0,0
115590,-73.8696364,40.71329757,-73.86207873,40.71220106,0,0,0,0,0,0,0,0,0,0,0,0
66785,-73.91693429,40.73529844,-73.90930552,40.73628728,0,0,0,0,0,0,0,0,0,0,0,0
169728,-73.82055923,40.60026138,-73.82440707,40.60059112,0,0,0,0,0,0,0,0,0,0,0,0
45794,-73.88201785,40.56869878,-73.8850829,40.57374368,0,0,0,0,0,0,0,0,0,0,0,0
58741,-73.79528038,40.66159636,-73.79535108,40.65773754,0,1,0,0,0,0,0,1,1,0,0,1
58741,-73.79528038,40.66159636,-73.79535108,40.65773754,0,1,0,0,0,0,0,1,1,0,0,1
58741,-73.79528038,40.66159636,-73.79535108,40.65773754,0,1,0,0,0,0,0,1,1,0,0,1
58741,-73.79528038,40.66159636,-73.79535108,40.65773754,0,1,0,0,0,0,0,1,1,0,0,1
58741,-73.79528038,40.66159636,-73.79535108,40.65773754,0,1,0,0,0,0,0,1,1,0,0,1
58741,-73.79528038,40.66159636,-73.79535108,40.65773754,0,1,0,0,0,0,0,1,1,0,0,1
66787,-73.90926003,40.73640318,-73.91690631,40.73538045,0,0,0,0,0,0,0,0,0,0,0,0
96893,-73.76793009,40.73789059,-73.76361225,40.73916841,0,0,0,0,0,0,0,0,0,0,0,0
59587,-73.77093232,40.66834022,-73.76655911,40.66785985,0,0,0,0,0,0,0,0,0,0,0,0
64060,-73.72984151,40.6655578,-73.7356709,40.66561356,0,0,0,0,0,0,0,0,0,0,0,0
103176,-73.7204858,40.76365281,-73.71691484,40.7614709,0,0,0,0,0,0,0,0,0,0,0,0
54393,-73.83133151,40.65274756,-73.82785389,40.6532524,0,0,0,0,0,0,0,0,0,0,0,0
59582,-73.77154461,40.66796327,-73.76675402,40.66743299,0,0,0,0,0,0,0,0,0,0,0,0
100695,-73.73972244,40.73903609,-73.73560787,40.74169622,0,0,0,0,0,0,0,0,0,0,0,0
122394,-73.83218249,40.78165887,-73.82770726,40.78166792,0,0,0,0,0,0,0,0,0,0,0,0
84003,-73.84324381,40.7553368,-73.8391233,40.75682806,2,0,0,0,0,0,2,0,2,0,0,2
169618,-73.8310005,40.58391543,-73.83450147,40.5829433,0,0,0,0,0,0,0,0,0,0,0,0
134585,-73.77369504,40.64755699,-73.76880304,40.64982023,1,0,0,0,0,0,1,0,1,0,0,1
194279,-73.86150422,40.68937247,-73.85810835,40.68988521,0,0,0,0,0,0,0,0,0,0,0,0
89869,-73.82810171,40.72779623,-73.82475205,40.72883496,0,0,0,0,0,0,0,0,0,0,0,0
91225,-73.82786346,40.76536261,-73.82372658,40.76582551,0,0,0,0,0,0,0,0,0,0,0,0
180555,-73.77041159,40.72597795,-73.77092603,40.72951021,0,0,0,0,0,0,0,0,0,0,0,0
62223,-73.75793937,40.6508533,-73.75465758,40.6490121,0,0,0,0,0,0,0,0,0,0,0,0
58622,-73.79708321,40.66547137,-73.79238366,40.66577852,0,0,0,0,0,0,0,0,0,0,0,0
74277,-73.89580697,40.74089322,-73.89250899,40.74128445,0,0,0,0,0,0,0,0,0,0,0,0
55689,-73.80122051,40.66527606,-73.79761238,40.66511253,0,0,0,0,0,0,0,0,0,0,0,0
122102,-73.89367393,40.71243002,-73.88877304,40.71228018,0,0,0,0,0,0,0,0,0,0,0,0
122102,-73.89367393,40.71243002,-73.88877304,40.71228018,0,0,0,0,0,0,0,0,0,0,0,0
122102,-73.89367393,40.71243002,-73.88877304,40.71228018,0,0,0,0,0,0,0,0,0,0,0,0
122102,-73.89367393,40.71243002,-73.88877304,40.71228018,0,0,0,0,0,0,0,0,0,0,0,0
122102,-73.89367393,40.71243002,-73.88877304,40.71228018,0,0,0,0,0,0,0,0,0,0,0,0
66992,-73.91023874,40.73433922,-73.90598353,40.73326568,0,0,0,0,0,0,0,0,0,0,0,0
66992,-73.91023874,40.73433922,-73.90598353,40.73326568,0,0,0,0,0,0,0,0,0,0,0,0
118097,-73.82336385,40.66061467,-73.81953423,40.66214676,0,0,0,0,0,0,0,0,0,0,0,0
9008739,-73.83373675,40.74351427,-73.83026729,40.74319003,0,0,0,0,0,0,0,0,0,0,0,0
190170,-73.91009768,40.5606815,-73.91025763,40.55731906,1,0,1,0,0,0,0,0,1,1,0,0
232649,-73.88519092,40.57371995,-73.8820866,40.56859809,0,0,0,0,0,0,0,0,0,0,0,0
232649,-73.88519092,40.57371995,-73.8820866,40.56859809,0,0,0,0,0,0,0,0,0,0,0,0
234750,-73.85234948,40.7540877,-73.85214794,40.75738415,1,0,0,0,0,0,1,0,1,0,0,1
234807,-73.81596559,40.71603956,-73.81022898,40.71610808,0,0,0,0,0,0,0,0,0,0,0,0
254429,-73.77924279,40.65454084,-73.77287619,40.65613046,0,0,0,0,0,0,0,0,0,0,0,0
254879,-73.74557064,40.6480079,-73.74311881,40.6421463,0,0,0,0,0,0,0,0,0,0,0,0
258593,-73.82584394,40.66338847,-73.82948716,40.66382454,0,0,0,0,0,0,0,0,0,0,0,0
258658,-73.83469017,40.67221422,-73.83181379,40.67557217,0,0,0,0,0,0,0,0,0,0,0,0
259275,-73.84954093,40.75345726,-73.84562647,40.75462569,1,0,0,0,0,0,1,0,1,0,0,1
259859,-73.90065875,40.76721143,-73.896102,40.76645469,0,0,0,0,0,0,0,0,0,0,0,0
259859,-73.90065875,40.76721143,-73.896102,40.76645469,0,0,0,0,0,0,0,0,0,0,0,0
259935,-73.77973871,40.74238709,-73.77565893,40.74299562,0,0,0,0,0,0,0,0,0,0,0,0
261392,-73.77369504,40.64755699,-73.79435805,40.64099499,0,0,0,0,0,0,0,0,0,0,0,0
261392,-73.77369504,40.64755699,-73.79435805,40.64099499,0,0,0,0,0,0,0,0,0,0,0,0
261392,-73.77369504,40.64755699,-73.79435805,40.64099499,0,0,0,0,0,0,0,0,0,0,0,0
275873,-73.85026357,40.7020422,-73.84156378,40.7011006,0,0,0,0,0,0,0,0,0,0,0,0
283593,-73.81117222,40.64904345,-73.8195154,40.65852266,0,0,0,0,0,0,0,0,0,0,0,0
284257,-73.76048633,40.6507943,-73.76526693,40.65247851,0,0,0,0,0,0,0,0,0,0,0,0
284257,-73.76048633,40.6507943,-73.76526693,40.65247851,0,0,0,0,0,0,0,0,0,0,0,0
284257,-73.76048633,40.6507943,-73.76526693,40.65247851,0,0,0,0,0,0,0,0,0,0,0,0
284257,-73.76048633,40.6507943,-73.76526693,40.65247851,0,0,0,0,0,0,0,0,0,0,0,0
284257,-73.76048633,40.6507943,-73.76526693,40.65247851,0,0,0,0,0,0,0,0,0,0,0,0
284257,-73.76048633,40.6507943,-73.76526693,40.65247851,0,0,0,0,0,0,0,0,0,0,0,0
284403,-73.78185125,40.64638328,-73.78540299,40.64423897,0,0,0,0,0,0,0,0,0,0,0,0
289345,-73.74536652,40.66640403,-73.74117817,40.66640295,0,0,0,0,0,0,0,0,0,0,0,0
289345,-73.74536652,40.66640403,-73.74117817,40.66640295,0,0,0,0,0,0,0,0,0,0,0,0
295021,-73.71410391,40.72675634,-73.71056286,40.72721887,0,0,0,0,0,0,0,0,0,0,0,0
298904,-73.89027542,40.55952495,-73.89656868,40.55778192,0,0,0,0,0,0,0,0,0,0,0,0
300745,-73.79481871,40.64625356,-73.78827499,40.650991,3,0,0,0,0,0,3,0,3,0,0,3
305838,-73.93769682,40.74523857,-73.93439987,40.74603456,3,0,0,0,0,0,3,0,3,0,0,3
307879,-73.87813371,40.7715417,-73.88484853,40.76804698,0,0,0,0,0,0,0,0,0,0,0,0
109535,-74.22333915,40.54902097,-74.22616915,40.55551535,1,0,1,0,0,0,0,0,1,1,0,0
3157,-74.17886744,40.53553517,-74.17704673,40.53205948,0,0,0,0,0,0,0,0,0,0,0,0
114733,-74.2067839,40.51407218,-74.21043538,40.511736,0,0,0,0,0,0,0,0,0,0,0,0
5749,-74.1660242,40.64025829,-74.16618742,40.63585388,1,0,0,0,0,0,1,0,1,0,0,1
9024296,-74.19551844,40.53418053,-74.19921827,40.53313756,0,0,0,0,0,0,0,0,0,0,0,0
110341,-74.13822934,40.57713909,-74.14178159,40.57625156,0,0,0,0,0,0,0,0,0,0,0,0
110341,-74.13822934,40.57713909,-74.14178159,40.57625156,0,0,0,0,0,0,0,0,0,0,0,0
108394,-74.23600138,40.53920867,-74.23245049,40.53862586,0,0,0,0,0,0,0,0,0,0,0,0
108394,-74.23600138,40.53920867,-74.23245049,40.53862586,0,0,0,0,0,0,0,0,0,0,0,0
194072,-74.06930143,40.60362511,-74.0733479,40.60500467,0,0,0,0,0,0,0,0,0,0,0,0
611,-74.23926673,40.52521075,-74.24396762,40.52495095,0,0,0,0,0,0,0,0,0,0,0,0
119799,-74.22394884,40.53083583,-74.22359063,40.52680311,0,0,0,0,0,0,0,0,0,0,0,0
12413,-74.12007828,40.62166704,-74.12373559,40.62097068,0,0,0,0,0,0,0,0,0,0,0,0
9010674,-74.16886362,40.59472809,-74.17556144,40.59836681,0,0,0,0,0,0,0,0,0,0,0,0
9010674,-74.16886362,40.59472809,-74.17556144,40.59836681,0,0,0,0,0,0,0,0,0,0,0,0
9010674,-74.16886362,40.59472809,-74.17556144,40.59836681,0,0,0,0,0,0,0,0,0,0,0,0
1686,-74.21196854,40.54329181,-74.2153048,40.54287055,0,0,0,0,0,0,0,0,0,0,0,0
1783,-74.20854809,40.53703249,-74.21183415,40.53666359,0,0,0,0,0,0,0,0,0,0,0,0
9587,-74.12730937,40.61422918,-74.13084888,40.61395353,0,0,0,0,0,0,0,0,0,0,0,0
5142,-74.18304104,40.60762171,-74.18729909,40.60259439,0,0,0,0,0,0,0,0,0,0,0,0
194074,-74.0689987,40.60439638,-74.07338096,40.60608932,0,0,0,0,0,0,0,0,0,0,0,0
194074,-74.0689987,40.60439638,-74.07338096,40.60608932,0,0,0,0,0,0,0,0,0,0,0,0
1174,-74.22848108,40.53683111,-74.23274734,40.53760671,0,0,0,0,0,0,0,0,0,0,0,0
610,-74.2392679,40.52502818,-74.23945948,40.52127942,0,0,0,0,0,0,0,0,0,0,0,0
3614,-74.16889214,40.54676528,-74.17223802,40.54632693,0,0,0,0,0,0,0,0,0,0,0,0
5131,-74.18606894,40.61773353,-74.18767893,40.61437958,0,0,0,0,0,0,0,0,0,0,0,0
9585,-74.12759862,40.61637291,-74.13107904,40.61609828,1,0,1,0,0,0,0,0,1,1,0,0
13654,-74.11022116,40.63473522,-74.10929927,40.6300402,0,0,0,0,0,0,0,0,0,0,0,0
159318,-74.23392087,40.52070288,-74.23344353,40.52467214,0,0,0,0,0,0,0,0,0,0,0,0
159841,-74.16951695,40.62114954,-74.17368384,40.62052874,2,0,0,0,0,0,2,0,2,0,0,2
159475,-74.20506288,40.55727788,-74.20930752,40.55616299,0,0,0,0,0,0,0,0,0,0,0,0
3479,-74.16908554,40.52656264,-74.17377032,40.52670428,0,0,0,0,0,0,0,0,0,0,0,0
5189,-74.17738905,40.6209494,-74.17894289,40.61636542,1,0,0,0,0,0,1,0,1,0,0,1
159350,-74.21203763,40.51090553,-74.21587398,40.5101092,0,0,0,0,0,0,0,0,0,0,0,0
9583,-74.12750057,40.61565567,-74.13099153,40.61536213,0,0,0,0,0,0,0,0,0,0,0,0
5157,-74.18235699,40.62748956,-74.17855171,40.62466108,0,0,0,0,0,0,0,0,0,0,0,0
1245,-74.22359083,40.52643427,-74.22725413,40.52587574,0,0,0,0,0,0,0,0,0,0,0,0
3612,-74.16873959,40.54605023,-74.17256639,40.5455989,3,0,0,0,0,0,3,0,3,0,0,3
5177,-74.18098458,40.6124559,-74.18767893,40.61437958,0,0,0,0,0,0,0,0,0,0,0,0
5177,-74.18098458,40.6124559,-74.18767893,40.61437958,0,0,0,0,0,0,0,0,0,0,0,0
1886,-74.20435357,40.53516059,-74.20767686,40.53424183,0,0,0,0,0,0,0,0,0,0,0,0
5120,-74.18834032,40.61703967,-74.18995669,40.6134696,0,0,0,0,0,0,0,0,0,0,0,0
119801,-74.15929458,40.54602155,-74.16345763,40.54377872,0,0,0,0,0,0,0,0,0,0,0,0
9594,-74.12788624,40.61851742,-74.1313563,40.61829423,0,0,0,0,0,0,0,0,0,0,0,0
9579,-74.12721307,40.61351109,-74.13077933,40.61326464,0,0,0,0,0,0,0,0,0,0,0,0
194075,-74.19389,40.56669968,-74.1999075,40.56085381,0,0,0,0,0,0,0,0,0,0,0,0
194273,-74.12216857,40.57093949,-74.125494,40.5728828,1,0,0,0,0,0,1,0,1,0,0,1
660,-74.23753373,40.54115053,-74.24616947,40.54228068,0,0,0,0,0,0,0,0,0,0,0,0
16234,-74.08472902,40.64746899,-74.08109228,40.64661151,0,0,0,0,0,0,0,0,0,0,0,0
16263,-74.08192236,40.63783304,-74.08654687,40.63715611,0,0,0,0,0,0,0,0,0,0,0,0
1888,-74.2040444,40.5344941,-74.20745985,40.5335488,0,0,0,0,0,0,0,0,0,0,0,0
3911,-74.19386151,40.56222232,-74.19769481,40.55888705,0,0,0,0,0,0,0,0,0,0,0,0
3911,-74.19386151,40.56222232,-74.19769481,40.55888705,0,0,0,0,0,0,0,0,0,0,0,0
3911,-74.19386151,40.56222232,-74.19769481,40.55888705,0,0,0,0,0,0,0,0,0,0,0,0
4590,-74.19232113,40.58491324,-74.19065285,40.57762382,1,0,0,0,0,0,1,0,1,0,0,1
9592,-74.12778809,40.61780326,-74.13125857,40.61757848,0,0,0,0,0,0,0,0,0,0,0,0
9590,-74.12769337,40.61708627,-74.13116473,40.61682133,0,0,0,0,0,0,0,0,0,0,0,0
13652,-74.11090412,40.63337329,-74.11020304,40.62987344,0,0,0,0,0,0,0,0,0,0,0,0
120540,-74.13851323,40.57778436,-74.14307472,40.57667851,0,0,0,0,0,0,0,0,0,0,0,0
118146,-74.23570905,40.53380202,-74.23232725,40.53339709,0,0,0,0,0,0,0,0,0,0,0,0
4605,-74.19343739,40.59009026,-74.19262227,40.5862279,0,0,0,0,0,0,0,0,0,0,0,0
5322,-74.16888894,40.62115114,-74.17326731,40.62183898,1,0,0,0,0,0,1,0,1,0,0,1
107893,-74.22378792,40.53719501,-74.22323491,40.53292183,0,0,0,0,0,0,0,0,0,0,0,0
889,-74.21806897,40.50966292,-74.22158272,40.50894336,1,0,0,0,0,0,1,0,1,0,0,1
4189,-74.17794544,40.56398337,-74.18139492,40.56523798,4,0,0,0,0,0,4,0,4,0,0,4
5647,-74.1802373,40.6377164,-74.18204483,40.63430848,0,0,0,0,0,0,0,0,0,0,0,0
5647,-74.1802373,40.6377164,-74.18204483,40.63430848,0,0,0,0,0,0,0,0,0,0,0,0
1872,-74.20372618,40.53382241,-74.20725532,40.53284027,0,0,0,0,0,0,0,0,0,0,0,0
159488,-74.20018592,40.55989735,-74.20506288,40.55727788,0,0,0,0,0,0,0,0,0,0,0,0
8070,-74.13408495,40.58638228,-74.13862036,40.58906444,0,0,0,0,0,0,0,0,0,0,0,0
8070,-74.13408495,40.58638228,-74.13862036,40.58906444,0,0,0,0,0,0,0,0,0,0,0,0
13087,-74.10133854,40.60672179,-74.0975614,40.60756019,1,0,1,0,0,0,0,0,1,1,0,0
109572,-74.22136985,40.55467239,-74.22616915,40.55551535,0,0,0,0,0,0,0,0,0,0,0,0
16101,-74.06068073,40.60669717,-74.0653722,40.6045098,1,0,0,0,1,0,0,0,1,0,1,0
13425,-74.08769174,40.61553515,-74.09098013,40.61657084,0,0,0,0,0,0,0,0,0,0,0,0
5648,-74.18080475,40.64081747,-74.18610079,40.64327122,0,0,0,0,0,0,0,0,0,0,0,0
5722,-74.16733309,40.64066806,-74.16745897,40.63718672,0,0,0,0,0,0,0,0,0,0,0,0
1550,-74.21343849,40.52959672,-74.21682691,40.5286472,0,0,0,0,0,0,0,0,0,0,0,0
4594,-74.19173777,40.58505296,-74.19039947,40.57942552,1,0,1,0,0,0,0,0,1,1,0,0
9581,-74.1274069,40.61493932,-74.13092039,40.61467551,0,0,0,0,0,0,0,0,0,0,0,0
3916,-74.19497462,40.56476704,-74.1987282,40.56116962,0,0,0,0,0,0,0,0,0,0,0,0
9522,-74.13336894,40.63155375,-74.13674238,40.62866254,2,0,0,0,0,0,2,0,2,0,0,2
13082,-74.10167211,40.60592024,-74.0977605,40.60679776,1,0,1,0,0,0,0,0,1,1,0,0
132685,-74.23532697,40.52512147,-74.2392679,40.52502818,0,0,0,0,0,0,0,0,0,0,0,0
132685,-74.23532697,40.52512147,-74.2392679,40.52502818,0,0,0,0,0,0,0,0,0,0,0,0
1187,-74.22887237,40.54660171,-74.23166871,40.55136321,0,0,0,0,0,0,0,0,0,0,0,0
5134,-74.18419644,40.62452073,-74.18804046,40.6211175,0,0,0,0,0,0,0,0,0,0,0,0
9011971,-74.22436272,40.53660198,-74.22402477,40.53288008,0,0,0,0,0,0,0,0,0,0,0,0
218798,-74.05217162,40.60414767,-74.04384055,40.60684005,0,0,0,0,0,0,0,0,0,0,0,0
227787,-74.1865133,40.63023475,-74.19215843,40.63323092,0,0,0,0,0,0,0,0,0,0,0,0
263270,-74.11709411,40.55412951,-74.11368435,40.55094808,0,0,0,0,0,0,0,0,0,0,0,0
273393,-74.21193706,40.54400929,-74.21556472,40.54360609,0,0,0,0,0,0,0,0,0,0,0,0
277036,-74.21796206,40.50539002,-74.21802398,40.50953491,1,0,0,0,0,0,1,0,1,0,0,1
277037,-74.21796206,40.50539002,-74.21373905,40.50740331,1,0,0,0,0,0,1,0,1,0,0,1
281063,-74.18875869,40.61150516,-74.18865574,40.60821048,0,0,0,0,0,0,0,0,0,0,0,0
281063,-74.18875869,40.61150516,-74.18865574,40.60821048,0,0,0,0,0,0,0,0,0,0,0,0
285120,-74.10411337,40.64357894,-74.10320948,40.63945488,0,0,0,0,0,0,0,0,0,0,0,0
285120,-74.10411337,40.64357894,-74.10320948,40.63945488,0,0,0,0,0,0,0,0,0,0,0,0
285120,-74.10411337,40.64357894,-74.10320948,40.63945488,0,0,0,0,0,0,0,0,0,0,0,0
285120,-74.10411337,40.64357894,-74.10320948,40.63945488,0,0,0,0,0,0,0,0,0,0,0,0
285120,-74.10411337,40.64357894,-74.10320948,40.63945488,0,0,0,0,0,0,0,0,0,0,0,0
196416,-74.11351709,40.55662846,-74.11007538,40.55330791,0,0,0,0,0,0,0,0,0,0,0,0
287855,-74.09264157,40.56703846,-74.09622105,40.56557473,0,0,0,0,0,0,0,0,0,0,0,0
289263,-74.07789895,40.64158515,-74.07699835,40.63785666,0,0,0,0,0,0,0,0,0,0,0,0
289272,-74.07884632,40.64199557,-74.07791514,40.63816101,1,0,1,0,0,0,0,0,1,1,0,0
290385,-74.18937291,40.6219964,-74.18511518,40.62555149,0,0,0,0,0,0,0,0,0,0,0,0
290389,-74.16848337,40.62156501,-74.17657683,40.62526111,5,0,0,0,0,0,5,0,5,0,0,5
290389,-74.16848337,40.62156501,-74.17657683,40.62526111,5,0,0,0,0,0,5,0,5,0,0,5
291675,-74.1933242,40.58503828,-74.19232899,40.58061661,0,0,0,0,0,0,0,0,0,0,0,0
292328,-74.12341594,40.59809314,-74.1262849,40.59345587,0,0,0,0,0,0,0,0,0,0,0,0
292328,-74.12341594,40.59809314,-74.1262849,40.59345587,0,0,0,0,0,0,0,0,0,0,0,0
292605,-74.18303787,40.63326662,-74.1794531,40.63225792,0,0,0,0,0,0,0,0,0,0,0,0
292830,-74.1963799,40.57426069,-74.19429393,40.56802458,0,0,0,0,0,0,0,0,0,0,0,0
292830,-74.1963799,40.57426069,-74.19429393,40.56802458,0,0,0,0,0,0,0,0,0,0,0,0
292830,-74.1963799,40.57426069,-74.19429393,40.56802458,0,0,0,0,0,0,0,0,0,0,0,0
292830,-74.1963799,40.57426069,-74.19429393,40.56802458,0,0,0,0,0,0,0,0,0,0,0,0
292830,-74.1963799,40.57426069,-74.19429393,40.56802458,0,0,0,0,0,0,0,0,0,0,0,0
292830,-74.1963799,40.57426069,-74.19429393,40.56802458,0,0,0,0,0,0,0,0,0,0,0,0
293005,-74.12195142,40.55058631,-74.12238573,40.54645845,1,0,0,0,0,0,1,0,1,0,0,1
293005,-74.12195142,40.55058631,-74.12238573,40.54645845,1,0,0,0,0,0,1,0,1,0,0,1
299859,-74.16981499,40.57073143,-74.16966211,40.56690049,1,0,1,0,0,0,0,0,1,1,0,0
309381,-74.23224305,40.5474593,-74.23594755,40.55188232,0,0,0,0,0,0,0,0,0,0,0,0
81403,-73.87072006,40.89790839,-73.86732014,40.89827216,1,0,1,0,0,0,0,0,1,1,0,0
81288,-73.88516981,40.89459323,-73.88457012,40.89787699,0,0,0,0,0,0,0,0,0,0,0,0
69926,-73.92194972,40.8104056,-73.91843165,40.80892366,1,0,0,0,1,0,0,0,1,0,1,0
69926,-73.92194972,40.8104056,-73.91843165,40.80892366,1,0,0,0,1,0,0,0,1,0,1,0
69926,-73.92194972,40.8104056,-73.91843165,40.80892366,1,0,0,0,1,0,0,0,1,0,1,0
69926,-73.92194972,40.8104056,-73.91843165,40.80892366,1,0,0,0,1,0,0,0,1,0,1,0
99454,-73.79365523,40.80408776,-73.79362907,40.8003963,0,0,0,0,0,0,0,0,0,0,0,0
187666,-73.8800658,40.78584929,-73.88508605,40.78683549,0,0,0,0,0,0,0,0,0,0,0,0
81407,-73.87097655,40.89926435,-73.86757303,40.89963116,0,0,0,0,0,0,0,0,0,0,0,0
179712,-73.83329318,40.86859477,-73.83490444,40.87191198,0,0,0,0,0,0,0,0,0,0,0,0
121040,-73.90288034,40.80874479,-73.90222285,40.80494811,1,0,0,0,0,0,1,0,1,0,0,1
121040,-73.90288034,40.80874479,-73.90222285,40.80494811,1,0,0,0,0,0,1,0,1,0,0,1
87256,-73.83551326,40.82772637,-73.83169663,40.82653497,1,0,1,0,0,0,0,0,1,1,0,0
87256,-73.83551326,40.82772637,-73.83169663,40.82653497,1,0,1,0,0,0,0,0,1,1,0,0
121132,-73.87475674,40.87316338,-73.87194937,40.87702535,0,0,0,0,0,0,0,0,0,0,0,0
187389,-73.87197281,40.78707375,-73.8800658,40.78584929,0,0,0,0,0,0,0,0,0,0,0,0
99733,-73.79570631,40.8668814,-73.79928841,40.86801682,0,0,0,0,0,0,0,0,0,0,0,0
69924,-73.92239945,40.80978051,-73.91880433,40.80826172,0,0,0,0,0,0,0,0,0,0,0,0
119701,-73.80773221,40.86272771,-73.81325022,40.86443156,0,0,0,0,0,0,0,0,0,0,0,0
119701,-73.80773221,40.86272771,-73.81325022,40.86443156,0,0,0,0,0,0,0,0,0,0,0,0
175759,-73.88022082,40.80941565,-73.87499034,40.81018583,0,0,0,0,0,0,0,0,0,0,0,0
175759,-73.88022082,40.80941565,-73.87499034,40.81018583,0,0,0,0,0,0,0,0,0,0,0,0
175759,-73.88022082,40.80941565,-73.87499034,40.81018583,0,0,0,0,0,0,0,0,0,0,0,0
175759,-73.88022082,40.80941565,-73.87499034,40.81018583,0,0,0,0,0,0,0,0,0,0,0,0
175759,-73.88022082,40.80941565,-73.87499034,40.81018583,0,0,0,0,0,0,0,0,0,0,0,0
175759,-73.88022082,40.80941565,-73.87499034,40.81018583,0,0,0,0,0,0,0,0,0,0,0,0
175759,-73.88022082,40.80941565,-73.87499034,40.81018583,0,0,0,0,0,0,0,0,0,0,0,0
81410,-73.87109852,40.8999468,-73.86770113,40.90031162,0,0,0,0,0,0,0,0,0,0,0,0
95430,-73.81822433,40.87749692,-73.81629724,40.88309414,0,0,0,0,0,0,0,0,0,0,0,0
79950,-73.89732721,40.87144523,-73.89407273,40.87558775,1,0,1,0,0,0,0,0,1,1,0,0
79950,-73.89732721,40.87144523,-73.89407273,40.87558775,1,0,1,0,0,0,0,0,1,1,0,0
79950,-73.89732721,40.87144523,-73.89407273,40.87558775,1,0,1,0,0,0,0,0,1,1,0,0
79950,-73.89732721,40.87144523,-73.89407273,40.87558775,1,0,1,0,0,0,0,0,1,1,0,0
79950,-73.89732721,40.87144523,-73.89407273,40.87558775,1,0,1,0,0,0,0,0,1,1,0,0
79950,-73.89732721,40.87144523,-73.89407273,40.87558775,1,0,1,0,0,0,0,0,1,1,0,0
79950,-73.89732721,40.87144523,-73.89407273,40.87558775,1,0,1,0,0,0,0,0,1,1,0,0
79950,-73.89732721,40.87144523,-73.89407273,40.87558775,1,0,1,0,0,0,0,0,1,1,0,0
79950,-73.89732721,40.87144523,-73.89407273,40.87558775,1,0,1,0,0,0,0,0,1,1,0,0
79950,-73.89732721,40.87144523,-73.89407273,40.87558775,1,0,1,0,0,0,0,0,1,1,0,0
85725,-73.83667856,40.81758876,-73.83646794,40.82095697,0,0,0,0,0,0,0,0,0,0,0,0
107384,-73.86656053,40.8897532,-73.86368528,40.8943246,0,0,0,0,0,0,0,0,0,0,0,0
178410,-73.86786602,40.88417839,-73.86648542,40.8874822,0,0,0,0,0,0,0,0,0,0,0,0
194606,-73.84363793,40.85750163,-73.83768048,40.85664184,0,0,0,0,0,0,0,0,0,0,0,0
81405,-73.87084959,40.89858737,-73.86744772,40.89895275,0,0,0,0,0,0,0,0,0,0,0,0
87112,-73.84288473,40.84640563,-73.84147498,40.8499147,0,0,0,0,0,0,0,0,0,0,0,0
85696,-73.83565567,40.81120458,-73.83161574,40.80493826,0,0,0,0,0,0,0,0,0,0,0,0
99509,-73.78825417,40.84243493,-73.7849568,40.84313826,0,0,0,0,0,0,0,0,0,0,0,0
193982,-73.84379361,40.85713705,-73.83931363,40.85644437,1,0,0,0,0,0,1,0,1,0,0,1
193982,-73.84379361,40.85713705,-73.83931363,40.85644437,1,0,0,0,0,0,1,0,1,0,0,1
193982,-73.84379361,40.85713705,-73.83931363,40.85644437,1,0,0,0,0,0,1,0,1,0,0,1
193982,-73.84379361,40.85713705,-73.83931363,40.85644437,1,0,0,0,0,0,1,0,1,0,0,1
122605,-73.80139796,40.85310732,-73.80234207,40.85723755,1,0,1,0,0,0,0,0,1,1,0,0
122605,-73.80139796,40.85310732,-73.80234207,40.85723755,1,0,1,0,0,0,0,0,1,1,0,0
122605,-73.80139796,40.85310732,-73.80234207,40.85723755,1,0,1,0,0,0,0,0,1,1,0,0
139741,-73.87133927,40.8473868,-73.87136475,40.8508677,0,0,0,0,0,0,0,0,0,0,0,0
187503,-73.8820948,40.79492678,-73.87639577,40.79281355,0,0,0,0,0,0,0,0,0,0,0,0
178411,-73.86648542,40.8874822,-73.86491859,40.89097908,0,0,0,0,0,0,0,0,0,0,0,0
95615,-73.8331219,40.88930008,-73.83267809,40.89260183,0,0,0,0,0,0,0,0,0,0,0,0
95615,-73.8331219,40.88930008,-73.83267809,40.89260183,0,0,0,0,0,0,0,0,0,0,0,0
94162,-73.83169663,40.82653497,-73.82770423,40.82531022,0,0,0,0,0,0,0,0,0,0,0,0
94162,-73.83169663,40.82653497,-73.82770423,40.82531022,0,0,0,0,0,0,0,0,0,0,0,0
88440,-73.84394384,40.85615502,-73.84045916,40.85563493,0,0,0,0,0,0,0,0,0,0,0,0
88440,-73.84394384,40.85615502,-73.84045916,40.85563493,0,0,0,0,0,0,0,0,0,0,0,0
69928,-73.92148593,40.81103424,-73.918049,40.80957478,1,0,0,0,0,0,1,0,1,0,0,1
69928,-73.92148593,40.81103424,-73.918049,40.80957478,1,0,0,0,0,0,1,0,1,0,0,1
116457,-73.87203242,40.87150814,-73.87102781,40.87538788,1,0,1,0,0,0,0,0,1,1,0,0
187390,-73.87668369,40.78971238,-73.87997685,40.78625202,0,0,0,0,0,0,0,0,0,0,0,0
192065,-73.80939519,40.86824602,-73.8058451,40.86600677,1,0,0,0,0,0,1,0,1,0,0,1
95545,-73.79972459,40.86725818,-73.79604109,40.86633071,0,0,0,0,0,0,0,0,0,0,0,0
88855,-73.8705938,40.89722809,-73.86719413,40.89759253,0,0,0,0,0,0,0,0,0,0,0,0
86115,-73.86057013,40.83064572,-73.85715676,40.83110227,0,0,0,0,0,0,0,0,0,0,0,0
86132,-73.86088515,40.83134428,-73.85732321,40.83182148,0,0,0,0,0,0,0,0,0,0,0,0
122624,-73.9108139,40.86459016,-73.90872661,40.86916734,0,0,0,0,0,0,0,0,0,0,0,0
122624,-73.9108139,40.86459016,-73.90872661,40.86916734,0,0,0,0,0,0,0,0,0,0,0,0
194610,-73.85601959,40.85731016,-73.849351,40.85786339,1,0,0,0,0,0,1,0,1,0,0,1
122619,-73.88652832,40.8642962,-73.88983505,40.86201066,0,0,0,0,0,0,0,0,0,0,0,0
231231,-73.8794571,40.89766308,-73.87836801,40.90277441,0,0,0,0,0,0,0,0,0,0,0,0
231489,-73.87272652,40.79114502,-73.87197281,40.78707375,0,0,0,0,0,0,0,0,0,0,0,0
231752,-73.83578437,40.86501601,-73.8315962,40.8626447,0,0,0,0,0,0,0,0,0,0,0,0
237320,-73.80620825,40.87382803,-73.80237499,40.87554722,0,0,0,0,0,0,0,0,0,0,0,0
237321,-73.80237499,40.87554722,-73.79767982,40.87700988,0,0,0,0,0,0,0,0,0,0,0,0
237321,-73.80237499,40.87554722,-73.79767982,40.87700988,0,0,0,0,0,0,0,0,0,0,0,0
237321,-73.80237499,40.87554722,-73.79767982,40.87700988,0,0,0,0,0,0,0,0,0,0,0,0
316824,-73.79475844,40.85673561,-73.80090032,40.85954802,0,0,0,0,0,0,0,0,0,0,0,0
29793,-73.95015504,40.68326897,-73.9468728,40.68364622,1,0,0,0,0,0,1,0,1,0,0,1
29593,-73.95482853,40.68797695,-73.95117458,40.6883992,0,0,0,0,0,0,0,0,0,0,0,0
29597,-73.95453799,40.68651117,-73.95088315,40.68693252,0,0,0,0,0,0,0,0,0,0,0,0
28495,-73.95630035,40.65504828,-73.9529592,40.6552493,0,0,0,0,0,0,0,0,0,0,0,0
28371,-73.95969666,40.65483921,-73.95630035,40.65504828,0,0,0,0,0,0,0,0,0,0,0,0
35029,-73.9581759,40.73342568,-73.95484267,40.73374026,0,0,0,0,0,0,0,0,0,0,0,0
35013,-73.95782734,40.73129875,-73.95449445,40.73161371,0,0,0,0,0,0,0,0,0,0,0,0
28511,-73.95687581,40.6604417,-73.95353962,40.66064831,1,0,1,0,0,0,0,0,1,1,0,0
28391,-73.96042584,40.65807224,-73.95664922,40.65830579,0,0,0,0,0,0,0,0,0,0,0,0
28509,-73.95680049,40.65972923,-73.95346176,40.65993696,0,0,0,0,0,0,0,0,0,0,0,0
66229,-73.93160506,40.71801033,-73.92467622,40.7198857,4,0,0,0,0,0,4,0,4,0,0,4
29386,-73.9607697,40.661734,-73.95704344,40.66196515,2,0,0,0,0,0,2,0,2,0,0,2
29384,-73.96068017,40.66095386,-73.9569576,40.66117957,1,0,0,0,0,0,1,0,1,0,0,1
29581,-73.95410043,40.68431311,-73.9504458,40.68473476,0,0,0,0,0,0,0,0,0,0,0,0
35038,-73.95840812,40.73484415,-73.95507401,40.73515974,1,0,0,0,0,0,1,0,1,0,0,1
28497,-73.9561641,40.65377652,-73.95282721,40.65397704,0,0,0,0,0,0,0,0,0,0,0,0
35027,-73.9580594,40.73271597,-73.95472721,40.73303093,0,0,0,0,0,0,0,0,0,0,0,0
29491,-73.95704344,40.66196515,-73.95369969,40.66217392,1,0,0,0,0,0,1,0,1,0,0,1
29489,-73.9569576,40.66117957,-73.95361543,40.6613878,0,0,0,0,0,0,0,0,0,0,0,0
28505,-73.95664922,40.65830579,-73.95330908,40.65851398,0,0,0,0,0,0,0,0,0,0,0,0
28379,-73.96024296,40.6572319,-73.95655769,40.65745362,0,0,0,0,0,0,0,0,0,0,0,0
28503,-73.95655769,40.65745362,-73.95321867,40.65766092,0,0,0,0,0,0,0,0,0,0,0,0
29678,-73.95320639,40.6798324,-73.94958434,40.67963646,0,0,0,0,0,0,0,0,0,0,0,0
30822,-73.95512181,40.68944372,-73.95146466,40.68986334,0,0,0,0,0,0,0,0,0,0,0,0
29697,-73.95380894,40.68284801,-73.95015504,40.68326897,1,0,0,0,0,0,1,0,1,0,0,1
35011,-73.95771091,40.73058907,-73.95437859,40.73090673,0,0,0,0,0,0,0,0,0,0,0,0
28501,-73.95647813,40.65671078,-73.95313899,40.65691463,0,0,0,0,0,0,0,0,0,0,0,0
28501,-73.95647813,40.65671078,-73.95313899,40.65691463,0,0,0,0,0,0,0,0,0,0,0,0
167784,-73.89758655,40.58717565,-73.89371194,40.58372746,1,0,0,0,0,0,1,0,1,0,0,1
167784,-73.89758655,40.58717565,-73.89371194,40.58372746,1,0,0,0,0,0,1,0,1,0,0,1
29380,-73.9608658,40.66250593,-73.95712114,40.66273747,3,0,0,0,0,0,3,0,3,0,0,3
28386,-73.96055809,40.65949607,-73.95680049,40.65972923,1,0,0,0,0,0,1,0,1,0,0,1
29795,-73.95029938,40.68400141,-73.94701721,40.68437948,0,0,0,0,0,0,0,0,0,0,0,0
29595,-73.95439297,40.68577972,-73.9507358,40.68620367,0,0,0,0,0,0,0,0,0,0,0,0
29583,-73.95424648,40.68504625,-73.95059027,40.68546663,0,0,0,0,0,0,0,0,0,0,0,0
44326,-73.93903735,40.70626559,-73.93566928,40.70658504,0,0,0,0,0,0,0,0,0,0,0,0
29493,-73.95712114,40.66273747,-73.95378529,40.66294678,0,0,0,0,0,0,0,0,0,0,0,0
45887,-73.88365832,40.58880584,-73.88544007,40.59435649,0,0,0,0,0,0,0,0,0,0,0,0
45887,-73.88365832,40.58880584,-73.88544007,40.59435649,0,0,0,0,0,0,0,0,0,0,0,0
188073,-73.89404027,40.58871971,-73.89060824,40.58575533,0,0,0,0,0,0,0,0,0,0,0,0
42271,-73.92316742,40.63883757,-73.91955577,40.64118496,0,0,0,0,0,0,0,0,0,0,0,0
9009313,-73.96245537,40.65828698,-73.96188086,40.65488119,0,0,0,0,0,0,0,0,0,0,0,0
9009313,-73.96245537,40.65828698,-73.96188086,40.65488119,0,0,0,0,0,0,0,0,0,0,0,0
29703,-73.95088315,40.68693252,-73.94760207,40.6873104,0,0,0,0,0,0,0,0,0,0,0,0
29223,-73.96661255,40.67530181,-73.96313778,40.6745725,0,0,0,0,0,0,0,0,0,0,0,0
28381,-73.95986103,40.65563479,-73.95638852,40.65587457,0,0,0,0,0,0,0,0,0,0,0,0
28488,-73.95601056,40.65231427,-73.95266314,40.65248936,0,0,0,0,0,0,0,0,0,0,0,0
28395,-73.9605197,40.65877948,-73.95672522,40.65901757,0,0,0,0,0,0,0,0,0,0,0,0
35151,-73.95759423,40.72987874,-73.9542452,40.73019746,0,0,0,0,0,0,0,0,0,0,0,0
28507,-73.95672522,40.65901757,-73.95338453,40.65922655,0,0,0,0,0,0,0,0,0,0,0,0
45879,-73.88440426,40.59511998,-73.88657791,40.60282835,0,0,0,0,0,0,0,0,0,0,0,0
40517,-73.91138474,40.58652822,-73.90806552,40.59125039,0,0,0,0,0,0,0,0,0,0,0,0
28389,-73.9606221,40.66020528,-73.95687581,40.6604417,0,0,0,0,0,0,0,0,0,0,0,0
28086,-73.96594066,40.64420087,-73.96530077,40.64082346,0,0,0,0,0,0,0,0,0,0,0,0
28086,-73.96594066,40.64420087,-73.96530077,40.64082346,0,0,0,0,0,0,0,0,0,0,0,0
163535,-73.94570961,40.61521983,-73.94507567,40.61188734,0,0,0,0,0,0,0,0,0,0,0,0
29701,-73.9504458,40.68473476,-73.94716451,40.68511239,0,0,0,0,0,0,0,0,0,0,0,0
29786,-73.95000846,40.68253676,-73.94672677,40.68291393,0,0,0,0,0,0,0,0,0,0,0,0
29689,-73.95366256,40.6821149,-73.95000846,40.68253676,0,0,0,0,0,0,0,0,0,0,0,0
44347,-73.93798051,40.71181498,-73.93453329,40.7127533,1,0,0,0,0,0,1,0,1,0,0,1
188023,-73.96898048,40.67239044,-73.96286581,40.6638121,0,0,0,0,0,0,0,0,0,0,0,0
188023,-73.96898048,40.67239044,-73.96286581,40.6638121,0,0,0,0,0,0,0,0,0,0,0,0
188023,-73.96898048,40.67239044,-73.96286581,40.6638121,0,0,0,0,0,0,0,0,0,0,0,0
188023,-73.96898048,40.67239044,-73.96286581,40.6638121,0,0,0,0,0,0,0,0,0,0,0,0
29220,-73.96693585,40.67443341,-73.96295345,40.67358913,0,0,0,0,0,0,0,0,0,0,0,0
35015,-73.95794307,40.73200916,-73.95460913,40.73232426,1,0,0,0,1,0,0,0,1,0,1,0
28375,-73.95945184,40.65357539,-73.9561641,40.65377652,0,0,0,0,0,0,0,0,0,0,0,0
35040,-73.95852419,40.73555242,-73.95519059,40.73586772,0,0,0,0,0,0,0,0,0,0,0,0
167107,-73.91827523,40.60585395,-73.91105107,40.5993735,1,0,0,0,0,0,1,0,1,0,0,1
167107,-73.91827523,40.60585395,-73.91105107,40.5993735,1,0,0,0,0,0,1,0,1,0,0,1
167107,-73.91827523,40.60585395,-73.91105107,40.5993735,1,0,0,0,0,0,1,0,1,0,0,1
167107,-73.91827523,40.60585395,-73.91105107,40.5993735,1,0,0,0,0,0,1,0,1,0,0,1
45878,-73.88657791,40.60282835,-73.90011679,40.59400635,0,0,0,0,0,0,0,0,0,0,0,0
43440,-73.9262403,40.68377161,-73.92295908,40.68414766,0,0,0,0,0,0,0,0,0,0,0,0
28486,-73.95590671,40.65136883,-73.95256272,40.651546,1,0,1,0,0,0,0,0,1,1,0,0
28486,-73.95590671,40.65136883,-73.95256272,40.651546,1,0,1,0,0,0,0,0,1,1,0,0
20991,-74.00216556,40.65294931,-73.99779466,40.65028889,2,0,0,0,0,0,2,0,2,0,0,2
163652,-73.9714562,40.65114031,-73.96621322,40.6531894,0,0,0,0,0,0,0,0,0,0,0,0
163652,-73.9714562,40.65114031,-73.96621322,40.6531894,0,0,0,0,0,0,0,0,0,0,0,0
163652,-73.9714562,40.65114031,-73.96621322,40.6531894,0,0,0,0,0,0,0,0,0,0,0,0
163652,-73.9714562,40.65114031,-73.96621322,40.6531894,0,0,0,0,0,0,0,0,0,0,0,0
163652,-73.9714562,40.65114031,-73.96621322,40.6531894,0,0,0,0,0,0,0,0,0,0,0,0
28499,-73.95638852,40.65587457,-73.95305317,40.65608052,0,0,0,0,0,0,0,0,0,0,0,0
44809,-73.92692556,40.71540072,-73.9230758,40.71638923,0,0,0,0,0,0,0,0,0,0,0,0
45884,-73.88769396,40.57806324,-73.8850829,40.57374368,0,0,0,0,0,0,0,0,0,0,0,0
43438,-73.92609462,40.68303871,-73.92281374,40.68341443,0,0,0,0,0,0,0,0,0,0,0,0
43438,-73.92609462,40.68303871,-73.92281374,40.68341443,0,0,0,0,0,0,0,0,0,0,0,0
31011,-73.95205078,40.69279366,-73.94876762,40.69317121,0,0,0,0,0,0,0,0,0,0,0,0
29699,-73.95395453,40.68358078,-73.95029938,40.68400141,0,0,0,0,0,0,0,0,0,0,0,0
44316,-73.93848804,40.70395457,-73.93502174,40.70462617,0,0,0,0,0,0,0,0,0,0,0,0
35031,-73.95829231,40.73413497,-73.95495878,40.73444922,0,0,0,0,0,0,0,0,0,0,0,0
29497,-73.95720935,40.6635174,-73.95384851,40.66372781,0,0,0,0,0,0,0,0,0,0,0,0
35136,-73.95747834,40.72916951,-73.95395676,40.72950278,0,0,0,0,0,0,0,0,0,0,0,0
217068,-73.95480637,40.68873069,-73.95131895,40.68913185,0,0,0,0,0,0,0,0,0,0,0,0
232452,-73.90452182,40.59347711,-73.90090076,40.59014959,0,0,0,0,0,0,0,0,0,0,0,0
232627,-73.88780499,40.57805928,-73.88519092,40.57371995,0,0,0,0,0,0,0,0,0,0,0,0
232627,-73.88780499,40.57805928,-73.88519092,40.57371995,0,0,0,0,0,0,0,0,0,0,0,0
285061,-74.02435686,40.65085161,-74.02087102,40.64874849,0,0,0,0,0,0,0,0,0,0,0,0
285061,-74.02435686,40.65085161,-74.02087102,40.64874849,0,0,0,0,0,0,0,0,0,0,0,0
285061,-74.02435686,40.65085161,-74.02087102,40.64874849,0,0,0,0,0,0,0,0,0,0,0,0
285061,-74.02435686,40.65085161,-74.02087102,40.64874849,0,0,0,0,0,0,0,0,0,0,0,0
285061,-74.02435686,40.65085161,-74.02087102,40.64874849,0,0,0,0,0,0,0,0,0,0,0,0
286286,-73.90011679,40.59400635,-73.89683199,40.59114869,0,0,0,0,0,0,0,0,0,0,0,0
301682,-74.01161091,40.66515812,-74.01009607,40.66843998,0,0,0,0,0,0,0,0,0,0,0,0
306378,-74.03608058,40.60934689,-74.04060405,40.60789023,0,0,0,0,0,0,0,0,0,0,0,0
72549,-73.93091942,40.868571,-73.92750659,40.87383614,,,,,,,,,,,,
72549,-73.93091942,40.868571,-73.92750659,40.87383614,,,,,,,,,,,,
173747,-73.94072146,40.8545911,-73.93698486,40.85961395,0,0,0,0,0,0,0,0,0,0,0,0
9014075,-73.94795208,40.85073345,-73.95298941,40.85172498,0,0,0,0,0,0,0,0,0,0,0,0
164112,-74.01175748,40.7261899,-74.01517084,40.72657939,0,0,0,0,0,0,0,0,0,0,0,0
174129,-73.92610964,40.85097701,-73.92364969,40.85447561,0,0,0,0,0,0,0,0,0,0,0,0
242161,-73.94800455,40.85059397,-73.95303785,40.85157976,0,0,0,0,0,0,0,0,0,0,0,0
242166,-73.95294636,40.85186523,-73.94792348,40.85087132,0,0,0,0,0,0,0,0,0,0,0,0
242166,-73.95294636,40.85186523,-73.94792348,40.85087132,0,0,0,0,0,0,0,0,0,0,0,0
315156,-73.9727111,40.76955781,-73.97117152,40.77341457,0,0,0,0,0,0,0,0,0,0,0,0
315156,-73.9727111,40.76955781,-73.97117152,40.77341457,0,0,0,0,0,0,0,0,0,0,0,0
315156,-73.9727111,40.76955781,-73.97117152,40.77341457,0,0,0,0,0,0,0,0,0,0,0,0
66789,-73.91687214,40.73554136,-73.90921642,40.73649628,0,0,0,0,0,0,0,0,0,0,0,0
121481,-73.8272168,40.66451402,-73.82296101,40.66386014,0,0,0,0,0,0,0,0,0,0,0,0
178812,-73.82481726,40.7395736,-73.82524618,40.73510869,0,0,0,0,0,0,0,0,0,0,0,0
58371,-73.79644706,40.65198221,-73.79189377,40.65324905,0,1,0,0,0,0,0,1,1,0,0,1
170142,-73.80000839,40.66626336,-73.79494771,40.66616228,1,0,0,0,0,0,1,0,1,0,0,1
102235,-73.74954511,40.77732039,-73.7462324,40.77786307,0,0,0,0,0,0,0,0,0,0,0,0
102235,-73.74954511,40.77732039,-73.7462324,40.77786307,0,0,0,0,0,0,0,0,0,0,0,0
102235,-73.74954511,40.77732039,-73.7462324,40.77786307,0,0,0,0,0,0,0,0,0,0,0,0
102235,-73.74954511,40.77732039,-73.7462324,40.77786307,0,0,0,0,0,0,0,0,0,0,0,0
91042,-73.83367811,40.75632057,-73.8294693,40.75819354,0,0,0,0,0,0,0,0,0,0,0,0
107754,-73.83566357,40.64405765,-73.83289974,40.63886268,1,0,0,0,0,0,1,0,1,0,0,1
54380,-73.83110356,40.65225669,-73.82772384,40.65276124,0,0,0,0,0,0,0,0,0,0,0,0
54380,-73.83110356,40.65225669,-73.82772384,40.65276124,0,0,0,0,0,0,0,0,0,0,0,0
100442,-73.74500808,40.73290956,-73.74172026,40.73539956,0,0,0,0,0,0,0,0,0,0,0,0
172507,-73.90838277,40.72176974,-73.90477829,40.72190769,0,0,0,0,0,0,0,0,0,0,0,0
99932,-73.76252949,40.72562145,-73.75833658,40.7250729,0,0,0,0,0,0,0,0,0,0,0,0
54536,-73.80478278,40.64962945,-73.80106576,40.64588983,0,0,0,0,0,0,0,0,0,0,0,0
54536,-73.80478278,40.64962945,-73.80106576,40.64588983,0,0,0,0,0,0,0,0,0,0,0,0
54536,-73.80478278,40.64962945,-73.80106576,40.64588983,0,0,0,0,0,0,0,0,0,0,0,0
54536,-73.80478278,40.64962945,-73.80106576,40.64588983,0,0,0,0,0,0,0,0,0,0,0,0
54536,-73.80478278,40.64962945,-73.80106576,40.64588983,0,0,0,0,0,0,0,0,0,0,0,0
54536,-73.80478278,40.64962945,-73.80106576,40.64588983,0,0,0,0,0,0,0,0,0,0,0,0
66897,-73.91068876,40.73347108,-73.91173062,40.72996412,0,0,0,0,0,0,0,0,0,0,0,0
68799,-73.92078589,40.78164185,-73.92479654,40.77852148,2,0,0,0,0,0,2,0,2,0,0,2
77104,-73.88522187,40.78663049,-73.88934352,40.78047215,0,0,0,0,0,0,0,0,0,0,0,0
77104,-73.88522187,40.78663049,-73.88934352,40.78047215,0,0,0,0,0,0,0,0,0,0,0,0
49189,-73.8889523,40.69095483,-73.88530375,40.6917014,0,0,0,0,0,0,0,0,0,0,0,0
111967,-73.85525088,40.67045734,-73.85112423,40.67107892,0,0,0,0,0,0,0,0,0,0,0,0
122393,-73.83669386,40.78164957,-73.83218249,40.78165887,0,0,0,0,0,0,0,0,0,0,0,0
194278,-73.8616573,40.69004699,-73.85835009,40.6905444,2,0,0,0,0,0,2,0,2,0,0,2
91422,-73.82116405,40.75968608,-73.81768171,40.76062665,0,0,0,0,0,0,0,0,0,0,0,0
102039,-73.72775177,40.75738824,-73.72413882,40.75816636,0,0,0,0,0,0,0,0,0,0,0,0
74548,-73.88569996,40.72872697,-73.88237335,40.7289815,0,0,0,0,0,0,0,0,0,0,0,0
74548,-73.88569996,40.72872697,-73.88237335,40.7289815,0,0,0,0,0,0,0,0,0,0,0,0
51300,-73.85648739,40.67337677,-73.85283804,40.67227919,1,0,0,0,0,0,1,0,1,0,0,1
54602,-73.83225431,40.665301,-73.8272168,40.66451402,0,0,0,0,0,0,0,0,0,0,0,0
54378,-73.83099442,40.65176986,-73.82759369,40.65227468,0,0,0,0,0,0,0,0,0,0,0,0
180579,-73.77278317,40.73629538,-73.76896644,40.73749809,0,0,0,0,0,0,0,0,0,0,0,0
184197,-73.89554063,40.5640207,-73.90223686,40.56214715,0,0,0,0,0,0,0,0,0,0,0,0
116519,-73.83588777,40.77757706,-73.83395608,40.77270152,0,0,0,0,0,0,0,0,0,0,0,0
63520,-73.74443843,40.66586524,-73.74902967,40.66638682,0,0,0,0,0,0,0,0,0,0,0,0
167761,-73.8761629,40.56912614,-73.8801178,40.56826662,1,0,0,0,0,0,1,0,1,0,0,1
169839,-73.82866385,40.63121244,-73.82580324,40.62117262,1,0,0,0,0,0,1,0,1,0,0,1
170722,-73.78940832,40.6591359,-73.77924279,40.65454084,0,0,0,0,0,0,0,0,0,0,0,0
191656,-73.78290398,40.66238536,-73.77936948,40.66081184,0,0,0,0,0,0,0,0,0,0,0,0
191656,-73.78290398,40.66238536,-73.77936948,40.66081184,0,0,0,0,0,0,0,0,0,0,0,0
91412,-73.82063593,40.75887227,-73.81728821,40.75977555,0,0,0,0,0,0,0,0,0,0,0,0
58308,-73.79535108,40.65773754,-73.79542441,40.65390583,0,1,0,0,0,0,0,1,1,0,0,1
58308,-73.79535108,40.65773754,-73.79542441,40.65390583,0,1,0,0,0,0,0,1,1,0,0,1
58308,-73.79535108,40.65773754,-73.79542441,40.65390583,0,1,0,0,0,0,0,1,1,0,0,1
107814,-73.92315864,40.72015329,-73.92153811,40.71679516,1,0,1,0,0,0,0,0,1,1,0,0
107814,-73.92315864,40.72015329,-73.92153811,40.71679516,1,0,1,0,0,0,0,0,1,1,0,0
66952,-73.90842204,40.72244676,-73.90456292,40.72259959,1,0,1,0,0,0,0,0,1,1,0,0
84769,-73.84460224,40.77305659,-73.84099348,40.77290048,0,0,0,0,0,0,0,0,0,0,0,0
60384,-73.78833574,40.70425321,-73.7845948,40.70518387,0,0,0,0,0,0,0,0,0,0,0,0
90995,-73.83354613,40.74464026,-73.82953367,40.74424412,0,0,0,0,0,0,0,0,0,0,0,0
58851,-73.79228665,40.68114598,-73.78885397,40.68258432,0,0,0,0,0,0,0,0,0,0,0,0
92577,-73.82145435,40.79355575,-73.8181502,40.79431602,1,0,0,0,1,0,0,0,1,0,1,0
169056,-73.84633066,40.66955446,-73.84237472,40.66862495,0,0,0,0,0,0,0,0,0,0,0,0
194114,-73.82606141,40.7809836,-73.82914858,40.77560112,0,0,0,0,0,0,0,0,0,0,0,0
194114,-73.82606141,40.7809836,-73.82914858,40.77560112,0,0,0,0,0,0,0,0,0,0,0,0
194114,-73.82606141,40.7809836,-73.82914858,40.77560112,0,0,0,0,0,0,0,0,0,0,0,0
77140,-73.87517573,40.77167671,-73.87143357,40.77157647,1,0,0,0,0,0,1,0,1,0,0,1
180980,-73.77419198,40.73991809,-73.77285961,40.73627042,0,0,0,0,0,0,0,0,0,0,0,0
184115,-73.85879883,40.65585413,-73.85488815,40.65879963,0,0,0,0,0,0,0,0,0,0,0,0
169730,-73.82044783,40.60095204,-73.8238815,40.60124922,0,0,0,0,0,0,0,0,0,0,0,0
169730,-73.82044783,40.60095204,-73.8238815,40.60124922,0,0,0,0,0,0,0,0,0,0,0,0
186813,-73.75157384,40.6472593,-73.74711666,40.64437185,0,0,0,0,0,0,0,0,0,0,0,0
54487,-73.81357634,40.65674302,-73.81791679,40.65868393,0,0,0,0,0,0,0,0,0,0,0,0
54487,-73.81357634,40.65674302,-73.81791679,40.65868393,0,0,0,0,0,0,0,0,0,0,0,0
54487,-73.81357634,40.65674302,-73.81791679,40.65868393,0,0,0,0,0,0,0,0,0,0,0,0
54487,-73.81357634,40.65674302,-73.81791679,40.65868393,0,0,0,0,0,0,0,0,0,0,0,0
54487,-73.81357634,40.65674302,-73.81791679,40.65868393,0,0,0,0,0,0,0,0,0,0,0,0
54487,-73.81357634,40.65674302,-73.81791679,40.65868393,0,0,0,0,0,0,0,0,0,0,0,0
54487,-73.81357634,40.65674302,-73.81791679,40.65868393,0,0,0,0,0,0,0,0,0,0,0,0
54487,-73.81357634,40.65674302,-73.81791679,40.65868393,0,0,0,0,0,0,0,0,0,0,0,0
54487,-73.81357634,40.65674302,-73.81791679,40.65868393,0,0,0,0,0,0,0,0,0,0,0,0
54487,-73.81357634,40.65674302,-73.81791679,40.65868393,0,0,0,0,0,0,0,0,0,0,0,0
54487,-73.81357634,40.65674302,-73.81791679,40.65868393,0,0,0,0,0,0,0,0,0,0,0,0
58574,-73.7640629,40.65435627,-73.75793937,40.6508533,3,0,0,0,0,0,3,0,3,0,0,3
170884,-73.77934732,40.6607397,-73.78254021,40.65675212,0,0,0,0,0,0,0,0,0,0,0,0
170884,-73.77934732,40.6607397,-73.78254021,40.65675212,0,0,0,0,0,0,0,0,0,0,0,0
170884,-73.77934732,40.6607397,-73.78254021,40.65675212,0,0,0,0,0,0,0,0,0,0,0,0
170884,-73.77934732,40.6607397,-73.78254021,40.65675212,0,0,0,0,0,0,0,0,0,0,0,0
170884,-73.77934732,40.6607397,-73.78254021,40.65675212,0,0,0,0,0,0,0,0,0,0,0,0
170884,-73.77934732,40.6607397,-73.78254021,40.65675212,0,0,0,0,0,0,0,0,0,0,0,0
170884,-73.77934732,40.6607397,-73.78254021,40.65675212,0,0,0,0,0,0,0,0,0,0,0,0
170884,-73.77934732,40.6607397,-73.78254021,40.65675212,0,0,0,0,0,0,0,0,0,0,0,0
170884,-73.77934732,40.6607397,-73.78254021,40.65675212,0,0,0,0,0,0,0,0,0,0,0,0
170884,-73.77934732,40.6607397,-73.78254021,40.65675212,0,0,0,0,0,0,0,0,0,0,0,0
170884,-73.77934732,40.6607397,-73.78254021,40.65675212,0,0,0,0,0,0,0,0,0,0,0,0
170884,-73.77934732,40.6607397,-73.78254021,40.65675212,0,0,0,0,0,0,0,0,0,0,0,0
170884,-73.77934732,40.6607397,-73.78254021,40.65675212,0,0,0,0,0,0,0,0,0,0,0,0
170884,-73.77934732,40.6607397,-73.78254021,40.65675212,0,0,0,0,0,0,0,0,0,0,0,0
170884,-73.77934732,40.6607397,-73.78254021,40.65675212,0,0,0,0,0,0,0,0,0,0,0,0
170723,-73.77924279,40.65454084,-73.76880304,40.64982023,1,0,0,0,0,0,1,0,1,0,0,1
67853,-73.92012731,40.7502439,-73.91519556,40.75117064,0,0,0,0,0,0,0,0,0,0,0,0
100338,-73.74996804,40.73974575,-73.74657796,40.74034659,0,0,0,0,0,0,0,0,0,0,0,0
90993,-73.83365848,40.7439575,-73.82965054,40.7435657,0,0,0,0,0,0,0,0,0,0,0,0
91185,-73.82963621,40.75854978,-73.82596774,40.75932944,0,0,0,0,0,0,0,0,0,0,0,0
58855,-73.79209253,40.68047629,-73.78840834,40.68199242,1,0,0,0,0,0,1,0,1,0,0,1
84338,-73.83559154,40.75137713,-73.83229536,40.75194179,0,0,0,0,0,0,0,0,0,0,0,0
84338,-73.83559154,40.75137713,-73.83229536,40.75194179,0,0,0,0,0,0,0,0,0,0,0,0
91418,-73.8215581,40.76053432,-73.81807772,40.76147327,0,0,0,0,0,0,0,0,0,0,0,0
185142,-73.82517571,40.73510594,-73.82185953,40.73548634,0,0,0,0,0,0,0,0,0,0,0,0
182726,-73.90333023,40.56184662,-73.90669292,40.56107176,1,0,0,0,0,0,1,0,1,0,0,1
118099,-73.8187604,40.66228363,-73.81334504,40.66130337,0,0,0,0,0,0,0,0,0,0,0,0
118099,-73.8187604,40.66228363,-73.81334504,40.66130337,0,0,0,0,0,0,0,0,0,0,0,0
135388,-73.79878634,40.64338309,-73.8100235,40.64852287,0,0,0,0,0,0,0,0,0,0,0,0
135388,-73.79878634,40.64338309,-73.8100235,40.64852287,0,0,0,0,0,0,0,0,0,0,0,0
135387,-73.8100235,40.64852287,-73.80603624,40.65130103,0,0,0,0,0,0,0,0,0,0,0,0
135387,-73.8100235,40.64852287,-73.80603624,40.65130103,0,0,0,0,0,0,0,0,0,0,0,0
194113,-73.82341489,40.78678897,-73.82430469,40.78293287,0,0,0,0,0,0,0,0,0,0,0,0
132858,-73.7986023,40.64792992,-73.80248394,40.65834944,0,0,0,0,0,0,0,0,0,0,0,0
194150,-73.72768033,40.74963924,-73.72428101,40.7526447,0,0,0,0,0,0,0,0,0,0,0,0
137070,-73.78061699,40.65069697,-73.77369504,40.64755699,0,0,0,0,0,0,0,0,0,0,0,0
116850,-73.82289856,40.7636373,-73.81930135,40.76460466,0,0,0,0,0,0,0,0,0,0,0,0
106703,-73.77978968,40.7054563,-73.77582076,40.70537391,1,0,0,0,0,0,1,0,1,0,0,1
45534,-73.89877801,40.56115959,-73.89509989,40.56254265,0,0,0,0,0,0,0,0,0,0,0,0
114199,-73.89509989,40.56254265,-73.89027588,40.5643986,0,0,0,0,0,0,0,0,0,0,0,0
55373,-73.80943931,40.66704843,-73.80611012,40.66692109,1,0,0,0,0,0,1,0,1,0,0,1
59709,-73.76987328,40.66891066,-73.76624894,40.66851037,1,0,1,0,0,0,0,0,1,1,0,0
66284,-73.93161403,40.7368252,-73.92672345,40.73590641,1,0,0,0,0,0,1,0,1,0,0,1
76428,-73.8837812,40.7676754,-73.88028984,40.76941938,0,0,0,0,0,0,0,0,0,0,0,0
181415,-73.79360571,40.79675856,-73.79339841,40.79241062,0,0,0,0,0,0,0,0,0,0,0,0
184368,-73.82994496,40.63469845,-73.82866385,40.63121244,1,0,0,0,0,0,1,0,1,0,0,1
54686,-73.82951287,40.66533228,-73.82587382,40.66508392,1,0,0,0,0,0,1,0,1,0,0,1
194112,-73.82445121,40.78673001,-73.82530619,40.78306533,0,0,0,0,0,0,0,0,0,0,0,0
194369,-73.83008156,40.77429684,-73.83350676,40.77161912,0,0,0,0,0,0,0,0,0,0,0,0
9009717,-73.75081067,40.72899504,-73.74749693,40.73179105,0,0,0,0,0,0,0,0,0,0,0,0
194134,-73.8018379,40.71626222,-73.79796193,40.71716167,0,0,0,0,0,0,0,0,0,0,0,0
135449,-73.7913746,40.65614269,-73.79131571,40.65961022,0,1,0,0,0,0,0,1,1,0,0,1
54833,-73.82296101,40.66386014,-73.81836976,40.66327622,0,0,0,0,0,0,0,0,0,0,0,0
91333,-73.8275367,40.76646354,-73.82395033,40.7668872,0,0,0,0,0,0,0,0,0,0,0,0
115590,-73.8696364,40.71329757,-73.86207873,40.71220106,0,0,0,0,0,0,0,0,0,0,0,0
66785,-73.91693429,40.73529844,-73.90930552,40.73628728,0,0,0,0,0,0,0,0,0,0,0,0
169728,-73.82055923,40.60026138,-73.82440707,40.60059112,0,0,0,0,0,0,0,0,0,0,0,0
45794,-73.88201785,40.56869878,-73.8850829,40.57374368,0,0,0,0,0,0,0,0,0,0,0,0
58741,-73.79528038,40.66159636,-73.79535108,40.65773754,0,1,0,0,0,0,0,1,1,0,0,1
58741,-73.79528038,40.66159636,-73.79535108,40.65773754,0,1,0,0,0,0,0,1,1,0,0,1
58741,-73.79528038,40.66159636,-73.79535108,40.65773754,0,1,0,0,0,0,0,1,1,0,0,1
58741,-73.79528038,40.66159636,-73.79535108,40.65773754,0,1,0,0,0,0,0,1,1,0,0,1
58741,-73.79528038,40.66159636,-73.79535108,40.65773754,0,1,0,0,0,0,0,1,1,0,0,1
58741,-73.79528038,40.66159636,-73.79535108,40.65773754,0,1,0,0,0,0,0,1,1,0,0,1
66787,-73.90926003,40.73640318,-73.91690631,40.73538045,0,0,0,0,0,0,0,0,0,0,0,0
96893,-73.76793009,40.73789059,-73.76361225,40.73916841,0,0,0,0,0,0,0,0,0,0,0,0
59587,-73.77093232,40.66834022,-73.76655911,40.66785985,0,0,0,0,0,0,0,0,0,0,0,0
64060,-73.72984151,40.6655578,-73.7356709,40.66561356,0,0,0,0,0,0,0,0,0,0,0,0
103176,-73.7204858,40.76365281,-73.71691484,40.7614709,0,0,0,0,0,0,0,0,0,0,0,0
54393,-73.83133151,40.65274756,-73.82785389,40.6532524,0,0,0,0,0,0,0,0,0,0,0,0
59582,-73.77154461,40.66796327,-73.76675402,40.66743299,0,0,0,0,0,0,0,0,0,0,0,0
100695,-73.73972244,40.73903609,-73.73560787,40.74169622,0,0,0,0,0,0,0,0,0,0,0,0
122394,-73.83218249,40.78165887,-73.82770726,40.78166792,0,0,0,0,0,0,0,0,0,0,0,0
84003,-73.84324381,40.7553368,-73.8391233,40.75682806,2,0,0,0,0,0,2,0,2,0,0,2
169618,-73.8310005,40.58391543,-73.83450147,40.5829433,0,0,0,0,0,0,0,0,0,0,0,0
134585,-73.77369504,40.64755699,-73.76880304,40.64982023,1,0,0,0,0,0,1,0,1,0,0,1
194279,-73.86150422,40.68937247,-73.85810835,40.68988521,0,0,0,0,0,0,0,0,0,0,0,0
89869,-73.82810171,40.72779623,-73.82475205,40.72883496,0,0,0,0,0,0,0,0,0,0,0,0
91225,-73.82786346,40.76536261,-73.82372658,40.76582551,0,0,0,0,0,0,0,0,0,0,0,0
180555,-73.77041159,40.72597795,-73.77092603,40.72951021,0,0,0,0,0,0,0,0,0,0,0,0
62223,-73.75793937,40.6508533,-73.75465758,40.6490121,0,0,0,0,0,0,0,0,0,0,0,0
58622,-73.79708321,40.66547137,-73.79238366,40.66577852,0,0,0,0,0,0,0,0,0,0,0,0
74277,-73.89580697,40.74089322,-73.89250899,40.74128445,0,0,0,0,0,0,0,0,0,0,0,0
55689,-73.80122051,40.66527606,-73.79761238,40.66511253,0,0,0,0,0,0,0,0,0,0,0,0
122102,-73.89367393,40.71243002,-73.88877304,40.71228018,0,0,0,0,0,0,0,0,0,0,0,0
122102,-73.89367393,40.71243002,-73.88877304,40.71228018,0,0,0,0,0,0,0,0,0,0,0,0
122102,-73.89367393,40.71243002,-73.88877304,40.71228018,0,0,0,0,0,0,0,0,0,0,0,0
122102,-73.89367393,40.71243002,-73.88877304,40.71228018,0,0,0,0,0,0,0,0,0,0,0,0
122102,-73.89367393,40.71243002,-73.88877304,40.71228018,0,0,0,0,0,0,0,0,0,0,0,0
66992,-73.91023874,40.73433922,-73.90598353,40.73326568,0,0,0,0,0,0,0,0,0,0,0,0
66992,-73.91023874,40.73433922,-73.90598353,40.73326568,0,0,0,0,0,0,0,0,0,0,0,0
118097,-73.82336385,40.66061467,-73.81953423,40.66214676,0,0,0,0,0,0,0,0,0,0,0,0
9008739,-73.83373675,40.74351427,-73.83026729,40.74319003,0,0,0,0,0,0,0,0,0,0,0,0
190170,-73.91009768,40.5606815,-73.91025763,40.55731906,1,0,1,0,0,0,0,0,1,1,0,0
232649,-73.88519092,40.57371995,-73.8820866,40.56859809,0,0,0,0,0,0,0,0,0,0,0,0
232649,-73.88519092,40.57371995,-73.8820866,40.56859809,0,0,0,0,0,0,0,0,0,0,0,0
234750,-73.85234948,40.7540877,-73.85214794,40.75738415,1,0,0,0,0,0,1,0,1,0,0,1
234807,-73.81596559,40.71603956,-73.81022898,40.71610808,0,0,0,0,0,0,0,0,0,0,0,0
254429,-73.77924279,40.65454084,-73.77287619,40.65613046,0,0,0,0,0,0,0,0,0,0,0,0
254879,-73.74557064,40.6480079,-73.74311881,40.6421463,0,0,0,0,0,0,0,0,0,0,0,0
258593,-73.82584394,40.66338847,-73.82948716,40.66382454,0,0,0,0,0,0,0,0,0,0,0,0
258658,-73.83469017,40.67221422,-73.83181379,40.67557217,0,0,0,0,0,0,0,0,0,0,0,0
259275,-73.84954093,40.75345726,-73.84562647,40.75462569,1,0,0,0,0,0,1,0,1,0,0,1
259859,-73.90065875,40.76721143,-73.896102,40.76645469,0,0,0,0,0,0,0,0,0,0,0,0
259859,-73.90065875,40.76721143,-73.896102,40.76645469,0,0,0,0,0,0,0,0,0,0,0,0
259935,-73.77973871,40.74238709,-73.77565893,40.74299562,0,0,0,0,0,0,0,0,0,0,0,0
261392,-73.77369504,40.64755699,-73.79435805,40.64099499,0,0,0,0,0,0,0,0,0,0,0,0
261392,-73.77369504,40.64755699,-73.79435805,40.64099499,0,0,0,0,0,0,0,0,0,0,0,0
261392,-73.77369504,40.64755699,-73.79435805,40.64099499,0,0,0,0,0,0,0,0,0,0,0,0
275873,-73.85026357,40.7020422,-73.84156378,40.7011006,0,0,0,0,0,0,0,0,0,0,0,0
283593,-73.81117222,40.64904345,-73.8195154,40.65852266,0,0,0,0,0,0,0,0,0,0,0,0
284257,-73.76048633,40.6507943,-73.76526693,40.65247851,0,0,0,0,0,0,0,0,0,0,0,0
284257,-73.76048633,40.6507943,-73.76526693,40.65247851,0,0,0,0,0,0,0,0,0,0,0,0
284257,-73.76048633,40.6507943,-73.76526693,40.65247851,0,0,0,0,0,0,0,0,0,0,0,0
284257,-73.76048633,40.6507943,-73.76526693,40.65247851,0,0,0,0,0,0,0,0,0,0,0,0
284257,-73.76048633,40.6507943,-73.76526693,40.65247851,0,0,0,0,0,0,0,0,0,0,0,0
284257,-73.76048633,40.6507943,-73.76526693,40.65247851,0,0,0,0,0,0,0,0,0,0,0,0
284403,-73.78185125,40.64638328,-73.78540299,40.64423897,0,0,0,0,0,0,0,0,0,0,0,0
289345,-73.74536652,40.66640403,-73.74117817,40.66640295,0,0,0,0,0,0,0,0,0,0,0,0
289345,-73.74536652,40.66640403,-73.74117817,40.66640295,0,0,0,0,0,0,0,0,0,0,0,0
295021,-73.71410391,40.72675634,-73.71056286,40.72721887,0,0,0,0,0,0,0,0,0,0,0,0
298904,-73.89027542,40.55952495,-73.89656868,40.55778192,0,0,0,0,0,0,0,0,0,0,0,0
300745,-73.79481871,40.64625356,-73.78827499,40.650991,3,0,0,0,0,0,3,0,3,0,0,3
305838,-73.93769682,40.74523857,-73.93439987,40.74603456,3,0,0,0,0,0,3,0,3,0,0,3
307879,-73.87813371,40.7715417,-73.88484853,40.76804698,0,0,0,0,0,0,0,0,0,0,0,0
109535,-74.22333915,40.54902097,-74.22616915,40.55551535,1,0,1,0,0,0,0,0,1,1,0,0
3157,-74.17886744,40.53553517,-74.17704673,40.53205948,0,0,0,0,0,0,0,0,0,0,0,0
114733,-74.2067839,40.51407218,-74.21043538,40.511736,0,0,0,0,0,0,0,0,0,0,0,0
5749,-74.1660242,40.64025829,-74.16618742,40.63585388,1,0,0,0,0,0,1,0,1,0,0,1
9024296,-74.19551844,40.53418053,-74.19921827,40.53313756,0,0,0,0,0,0,0,0,0,0,0,0
110341,-74.13822934,40.57713909,-74.14178159,40.57625156,0,0,0,0,0,0,0,0,0,0,0,0
110341,-74.13822934,40.57713909,-74.14178159,40.57625156,0,0,0,0,0,0,0,0,0,0,0,0
108394,-74.23600138,40.53920867,-74.23245049,40.53862586,0,0,0,0,0,0,0,0,0,0,0,0
108394,-74.23600138,40.53920867,-74.23245049,40.53862586,0,0,0,0,0,0,0,0,0,0,0,0
194072,-74.06930143,40.60362511,-74.0733479,40.60500467,0,0,0,0,0,0,0,0,0,0,0,0
611,-74.23926673,40.52521075,-74.24396762,40.52495095,0,0,0,0,0,0,0,0,0,0,0,0
119799,-74.22394884,40.53083583,-74.22359063,40.52680311,0,0,0,0,0,0,0,0,0,0,0,0
12413,-74.12007828,40.62166704,-74.12373559,40.62097068,0,0,0,0,0,0,0,0,0,0,0,0
9010674,-74.16886362,40.59472809,-74.17556144,40.59836681,0,0,0,0,0,0,0,0,0,0,0,0
9010674,-74.16886362,40.59472809,-74.17556144,40.59836681,0,0,0,0,0,0,0,0,0,0,0,0
9010674,-74.16886362,40.59472809,-74.17556144,40.59836681,0,0,0,0,0,0,0,0,0,0,0,0
1686,-74.21196854,40.54329181,-74.2153048,40.54287055,0,0,0,0,0,0,0,0,0,0,0,0
1783,-74.20854809,40.53703249,-74.21183415,40.53666359,0,0,0,0,0,0,0,0,0,0,0,0
9587,-74.12730937,40.61422918,-74.13084888,40.61395353,0,0,0,0,0,0,0,0,0,0,0,0
5142,-74.18304104,40.60762171,-74.18729909,40.60259439,0,0,0,0,0,0,0,0,0,0,0,0
194074,-74.0689987,40.60439638,-74.07338096,40.60608932,0,0,0,0,0,0,0,0,0,0,0,0
194074,-74.0689987,40.60439638,-74.07338096,40.60608932,0,0,0,0,0,0,0,0,0,0,0,0
1174,-74.22848108,40.53683111,-74.23274734,40.53760671,0,0,0,0,0,0,0,0,0,0,0,0
610,-74.2392679,40.52502818,-74.23945948,40.52127942,0,0,0,0,0,0,0,0,0,0,0,0
3614,-74.16889214,40.54676528,-74.17223802,40.54632693,0,0,0,0,0,0,0,0,0,0,0,0
5131,-74.18606894,40.61773353,-74.18767893,40.61437958,0,0,0,0,0,0,0,0,0,0,0,0
9585,-74.12759862,40.61637291,-74.13107904,40.61609828,1,0,1,0,0,0,0,0,1,1,0,0
13654,-74.11022116,40.63473522,-74.10929927,40.6300402,0,0,0,0,0,0,0,0,0,0,0,0
159318,-74.23392087,40.52070288,-74.23344353,40.52467214,0,0,0,0,0,0,0,0,0,0,0,0
159841,-74.16951695,40.62114954,-74.17368384,40.62052874,2,0,0,0,0,0,2,0,2,0,0,2
159475,-74.20506288,40.55727788,-74.20930752,40.55616299,0,0,0,0,0,0,0,0,0,0,0,0
3479,-74.16908554,40.52656264,-74.17377032,40.52670428,0,0,0,0,0,0,0,0,0,0,0,0
5189,-74.17738905,40.6209494,-74.17894289,40.61636542,1,0,0,0,0,0,1,0,1,0,0,1
159350,-74.21203763,40.51090553,-74.21587398,40.5101092,0,0,0,0,0,0,0,0,0,0,0,0
9583,-74.12750057,40.61565567,-74.13099153,40.61536213,0,0,0,0,0,0,0,0,0,0,0,0
5157,-74.18235699,40.62748956,-74.17855171,40.62466108,0,0,0,0,0,0,0,0,0,0,0,0
1245,-74.22359083,40.52643427,-74.22725413,40.52587574,0,0,0,0,0,0,0,0,0,0,0,0
3612,-74.16873959,40.54605023,-74.17256639,40.5455989,3,0,0,0,0,0,3,0,3,0,0,3
5177,-74.18098458,40.6124559,-74.18767893,40.61437958,0,0,0,0,0,0,0,0,0,0,0,0
5177,-74.18098458,40.6124559,-74.18767893,40.61437958,0,0,0,0,0,0,0,0,0,0,0,0
1886,-74.20435357,40.53516059,-74.20767686,40.53424183,0,0,0,0,0,0,0,0,0,0,0,0
5120,-74.18834032,40.61703967,-74.18995669,40.6134696,0,0,0,0,0,0,0,0,0,0,0,0
119801,-74.15929458,40.54602155,-74.16345763,40.54377872,0,0,0,0,0,0,0,0,0,0,0,0
9594,-74.12788624,40.61851742,-74.1313563,40.61829423,0,0,0,0,0,0,0,0,0,0,0,0
9579,-74.12721307,40.61351109,-74.13077933,40.61326464,0,0,0,0,0,0,0,0,0,0,0,0
194075,-74.19389,40.56669968,-74.1999075,40.56085381,0,0,0,0,0,0,0,0,0,0,0,0
194273,-74.12216857,40.57093949,-74.125494,40.5728828,1,0,0,0,0,0,1,0,1,0,0,1
660,-74.23753373,40.54115053,-74.24616947,40.54228068,0,0,0,0,0,0,0,0,0,0,0,0
16234,-74.08472902,40.64746899,-74.08109228,40.64661151,0,0,0,0,0,0,0,0,0,0,0,0
16263,-74.08192236,40.63783304,-74.08654687,40.63715611,0,0,0,0,0,0,0,0,0,0,0,0
1888,-74.2040444,40.5344941,-74.20745985,40.5335488,0,0,0,0,0,0,0,0,0,0,0,0
3911,-74.19386151,40.56222232,-74.19769481,40.55888705,0,0,0,0,0,0,0,0,0,0,0,0
3911,-74.19386151,40.56222232,-74.19769481,40.55888705,0,0,0,0,0,0,0,0,0,0,0,0
3911,-74.19386151,40.56222232,-74.19769481,40.55888705,0,0,0,0,0,0,0,0,0,0,0,0
4590,-74.19232113,40.58491324,-74.19065285,40.57762382,1,0,0,0,0,0,1,0,1,0,0,1
9592,-74.12778809,40.61780326,-74.13125857,40.61757848,0,0,0,0,0,0,0,0,0,0,0,0
9590,-74.12769337,40.61708627,-74.13116473,40.61682133,0,0,0,0,0,0,0,0,0,0,0,0
13652,-74.11090412,40.63337329,-74.11020304,40.62987344,0,0,0,0,0,0,0,0,0,0,0,0
120540,-74.13851323,40.57778436,-74.14307472,40.57667851,0,0,0,0,0,0,0,0,0,0,0,0
118146,-74.23570905,40.53380202,-74.23232725,40.53339709,0,0,0,0,0,0,0,0,0,0,0,0
4605,-74.19343739,40.59009026,-74.19262227,40.5862279,0,0,0,0,0,0,0,0,0,0,0,0
5322,-74.16888894,40.62115114,-74.17326731,40.62183898,1,0,0,0,0,0,1,0,1,0,0,1
107893,-74.22378792,40.53719501,-74.22323491,40.53292183,0,0,0,0,0,0,0,0,0,0,0,0
889,-74.21806897,40.50966292,-74.22158272,40.50894336,1,0,0,0,0,0,1,0,1,0,0,1
4189,-74.17794544,40.56398337,-74.18139492,40.56523798,4,0,0,0,0,0,4,0,4,0,0,4
5647,-74.1802373,40.6377164,-74.18204483,40.63430848,0,0,0,0,0,0,0,0,0,0,0,0
5647,-74.1802373,40.6377164,-74.18204483,40.63430848,0,0,0,0,0,0,0,0,0,0,0,0
1872,-74.20372618,40.53382241,-74.20725532,40.53284027,0,0,0,0,0,0,0,0,0,0,0,0
159488,-74.20018592,40.55989735,-74.20506288,40.55727788,0,0,0,0,0,0,0,0,0,0,0,0
8070,-74.13408495,40.58638228,-74.13862036,40.58906444,0,0,0,0,0,0,0,0,0,0,0,0
8070,-74.13408495,40.58638228,-74.13862036,40.58906444,0,0,0,0,0,0,0,0,0,0,0,0
13087,-74.10133854,40.60672179,-74.0975614,40.60756019,1,0,1,0,0,0,0,0,1,1,0,0
109572,-74.22136985,40.55467239,-74.22616915,40.55551535,0,0,0,0,0,0,0,0,0,0,0,0
16101,-74.06068073,40.60669717,-74.0653722,40.6045098,1,0,0,0,1,0,0,0,1,0,1,0
13425,-74.08769174,40.61553515,-74.09098013,40.61657084,0,0,0,0,0,0,0,0,0,0,0,0
5648,-74.18080475,40.64081747,-74.18610079,40.64327122,0,0,0,0,0,0,0,0,0,0,0,0
5722,-74.16733309,40.64066806,-74.16745897,40.63718672,0,0,0,0,0,0,0,0,0,0,0,0
1550,-74.21343849,40.52959672,-74.21682691,40.5286472,0,0,0,0,0,0,0,0,0,0,0,0
4594,-74.19173777,40.58505296,-74.19039947,40.57942552,1,0,1,0,0,0,0,0,1,1,0,0
9581,-74.1274069,40.61493932,-74.13092039,40.61467551,0,0,0,0,0,0,0,0,0,0,0,0
3916,-74.19497462,40.56476704,-74.1987282,40.56116962,0,0,0,0,0,0,0,0,0,0,0,0
9522,-74.13336894,40.63155375,-74.13674238,40.62866254,2,0,0,0,0,0,2,0,2,0,0,2
13082,-74.10167211,40.60592024,-74.0977605,40.60679776,1,0,1,0,0,0,0,0,1,1,0,0
132685,-74.23532697,40.52512147,-74.2392679,40.52502818,0,0,0,0,0,0,0,0,0,0,0,0
132685,-74.23532697,40.52512147,-74.2392679,40.52502818,0,0,0,0,0,0,0,0,0,0,0,0
1187,-74.22887237,40.54660171,-74.23166871,40.55136321,0,0,0,0,0,0,0,0,0,0,0,0
5134,-74.18419644,40.62452073,-74.18804046,40.6211175,0,0,0,0,0,0,0,0,0,0,0,0
9011971,-74.22436272,40.53660198,-74.22402477,40.53288008,0,0,0,0,0,0,0,0,0,0,0,0
218798,-74.05217162,40.60414767,-74.04384055,40.60684005,0,0,0,0,0,0,0,0,0,0,0,0
227787,-74.1865133,40.63023475,-74.19215843,40.63323092,0,0,0,0,0,0,0,0,0,0,0,0
263270,-74.11709411,40.55412951,-74.11368435,40.55094808,0,0,0,0,0,0,0,0,0,0,0,0
273393,-74.21193706,40.54400929,-74.21556472,40.54360609,0,0,0,0,0,0,0,0,0,0,0,0
277036,-74.21796206,40.50539002,-74.21802398,40.50953491,1,0,0,0,0,0,1,0,1,0,0,1
277037,-74.21796206,40.50539002,-74.21373905,40.50740331,1,0,0,0,0,0,1,0,1,0,0,1
281063,-74.18875869,40.61150516,-74.18865574,40.60821048,0,0,0,0,0,0,0,0,0,0,0,0
281063,-74.18875869,40.61150516,-74.18865574,40.60821048,0,0,0,0,0,0,0,0,0,0,0,0
285120,-74.10411337,40.64357894,-74.10320948,40.63945488,0,0,0,0,0,0,0,0,0,0,0,0
285120,-74.10411337,40.64357894,-74.10320948,40.63945488,0,0,0,0,0,0,0,0,0,0,0,0
285120,-74.10411337,40.64357894,-74.10320948,40.63945488,0,0,0,0,0,0,0,0,0,0,0,0
285120,-74.10411337,40.64357894,-74.10320948,40.63945488,0,0,0,0,0,0,0,0,0,0,0,0
285120,-74.10411337,40.64357894,-74.10320948,40.63945488,0,0,0,0,0,0,0,0,0,0,0,0
196416,-74.11351709,40.55662846,-74.11007538,40.55330791,0,0,0,0,0,0,0,0,0,0,0,0
287855,-74.09264157,40.56703846,-74.09622105,40.56557473,0,0,0,0,0,0,0,0,0,0,0,0
289263,-74.07789895,40.64158515,-74.07699835,40.63785666,0,0,0,0,0,0,0,0,0,0,0,0
289272,-74.07884632,40.64199557,-74.07791514,40.63816101,1,0,1,0,0,0,0,0,1,1,0,0
290385,-74.18937291,40.6219964,-74.18511518,40.62555149,0,0,0,0,0,0,0,0,0,0,0,0
290389,-74.16848337,40.62156501,-74.17657683,40.62526111,5,0,0,0,0,0,5,0,5,0,0,5
290389,-74.16848337,40.62156501,-74.17657683,40.62526111,5,0,0,0,0,0,5,0,5,0,0,5
291675,-74.1933242,40.58503828,-74.19232899,40.58061661,0,0,0,0,0,0,0,0,0,0,0,0
292328,-74.12341594,40.59809314,-74.1262849,40.59345587,0,0,0,0,0,0,0,0,0,0,0,0
292328,-74.12341594,40.59809314,-74.1262849,40.59345587,0,0,0,0,0,0,0,0,0,0,0,0
292605,-74.18303787,40.63326662,-74.1794531,40.63225792,0,0,0,0,0,0,0,0,0,0,0,0
292830,-74.1963799,40.57426069,-74.19429393,40.56802458,0,0,0,0,0,0,0,0,0,0,0,0
292830,-74.1963799,40.57426069,-74.19429393,40.56802458,0,0,0,0,0,0,0,0,0,0,0,0
292830,-74.1963799,40.57426069,-74.19429393,40.56802458,0,0,0,0,0,0,0,0,0,0,0,0
292830,-74.1963799,40.57426069,-74.19429393,40.56802458,0,0,0,0,0,0,0,0,0,0,0,0
292830,-74.1963799,40.57426069,-74.19429393,40.56802458,0,0,0,0,0,0,0,0,0,0,0,0
292830,-74.1963799,40.57426069,-74.19429393,40.56802458,0,0,0,0,0,0,0,0,0,0,0,0
293005,-74.12195142,40.55058631,-74.12238573,40.54645845,1,0,0,0,0,0,1,0,1,0,0,1
293005,-74.12195142,40.55058631,-74.12238573,40.54645845,1,0,0,0,0,0,1,0,1,0,0,1
299859,-74.16981499,40.57073143,-74.16966211,40.56690049,1,0,1,0,0,0,0,0,1,1,0,0
309381,-74.23224305,40.5474593,-74.23594755,40.55188232,0,0,0,0,0,0,0,0,0,0,0,0